seed, order, mu, sigma, acc
896783, 1,  5, 0.001. 0.4202047576031316
896783, 1,  7, 0.001. 0.4202047576031316
45234, 1,  3, 0.001. 0.4268327605956472
896783, 1,  11, 0.001. 0.4202047576031316
9, 1,  3, 0.001. 0.4068584713746004
9, 1,  7, 0.001. 0.4068584713746004
12, 1,  9, 0.001. 0.42973580663293987
896783, 1,  1, 0.001. 0.4202047576031316
12, 1,  7, 0.001. 0.42973580663293987
15, 1,  7, 0.001. 0.41943194600674916
45234, 1,  9, 0.001. 0.4268327605956472
45234, 1,  7, 0.001. 0.4268327605956472
896783, 1,  3, 0.001. 0.4202047576031316
9, 1,  1, 0.001. 0.4068584713746004
896783, 1,  15, 0.001. 0.4202047576031316
896783, 1,  13, 0.001. 0.4202047576031316
45234, 1,  5, 0.001. 0.4268327605956472
896783, 1,  9, 0.001. 0.4202047576031316
15, 1,  3, 0.001. 0.41943194600674916
15, 1,  9, 0.001. 0.41943194600674916
12, 1,  5, 0.001. 0.42973580663293987
15, 1,  5, 0.001. 0.41943194600674916
9, 1,  11, 0.001. 0.4068584713746004
9, 1,  5, 0.001. 0.4068584713746004
45234, 1,  1, 0.001. 0.4268327605956472
15, 1,  1, 0.001. 0.41943194600674916
12, 1,  11, 0.001. 0.42973580663293987
12, 1,  1, 0.001. 0.42973580663293987
9, 1,  13, 0.001. 0.4068584713746004
12, 1,  3, 0.001. 0.42973580663293987
9, 1,  9, 0.001. 0.4068584713746004
45234, 1,  13, 0.001. 0.4268327605956472
45234, 1,  11, 0.001. 0.4268327605956472
45234, 1,  15, 0.001. 0.4268327605956472
15, 1,  13, 0.001. 0.41943194600674916
15, 1,  15, 0.001. 0.41943194600674916
12, 1,  15, 0.001. 0.42973580663293987
15, 1,  11, 0.001. 0.41943194600674916
12, 1,  13, 0.001. 0.42973580663293987
9, 1,  15, 0.001. 0.4068584713746004
896783, 1,  7, 0.1. 0.4202047576031316
896783, 1,  5, 0.1. 0.4202047576031316
45234, 1,  3, 0.1. 0.4268327605956472
9, 1,  3, 0.1. 0.4068584713746004
896783, 1,  1, 0.1. 0.4202047576031316
896783, 1,  11, 0.1. 0.4202047576031316
9, 1,  7, 0.1. 0.4061319383900029
896783, 1,  15, 0.1. 0.4202047576031316
45234, 1,  7, 0.1. 0.4268327605956472
12, 1,  7, 0.1. 0.42973580663293987
15, 1,  7, 0.1. 0.421259842519685
896783, 1,  3, 0.1. 0.42035531466425774
45234, 1,  9, 0.1. 0.4269759450171821
45234, 1,  5, 0.1. 0.42626002290950743
896783, 1,  9, 0.1. 0.4202047576031316
12, 1,  9, 0.1. 0.42973580663293987
9, 1,  5, 0.1. 0.4061319383900029
15, 1,  5, 0.1. 0.41943194600674916
12, 1,  5, 0.1. 0.43043844856661045
896783, 1,  13, 0.1. 0.4202047576031316
9, 1,  11, 0.1. 0.4061319383900029
15, 1,  9, 0.1. 0.41971316085489313
9, 1,  1, 0.1. 0.4068584713746004
45234, 1,  1, 0.1. 0.4269759450171821
15, 1,  3, 0.1. 0.41943194600674916
12, 1,  1, 0.1. 0.4301573917931422
12, 1,  11, 0.1. 0.42973580663293987
45234, 1,  15, 0.1. 0.4268327605956472
9, 1,  9, 0.1. 0.4061319383900029
15, 1,  1, 0.1. 0.41943194600674916
9, 1,  13, 0.1. 0.4068584713746004
45234, 1,  11, 0.1. 0.4268327605956472
12, 1,  3, 0.1. 0.42973580663293987
45234, 1,  13, 0.1. 0.42626002290950743
15, 1,  15, 0.1. 0.41943194600674916
15, 1,  11, 0.1. 0.41943194600674916
12, 1,  13, 0.1. 0.42973580663293987
12, 1,  15, 0.1. 0.42973580663293987
15, 1,  13, 0.1. 0.41943194600674916
9, 1,  15, 0.1. 0.4061319383900029
896783, 1,  7, 0.5. 0.4202047576031316
896783, 1,  5, 0.5. 0.42080698584763626
896783, 1,  1, 0.5. 0.41448358928033724
45234, 1,  3, 0.5. 0.42754868270332186
9, 1,  3, 0.5. 0.41368788142981694
45234, 1,  7, 0.5. 0.4268327605956472
9, 1,  7, 0.5. 0.4064225515838419
896783, 1,  3, 0.5. 0.4186991869918699
896783, 1,  15, 0.5. 0.4186991869918699
9, 1,  5, 0.5. 0.41020052310374894
896783, 1,  11, 0.5. 0.41915085817524844
12, 1,  7, 0.5. 0.43043844856661045
15, 1,  7, 0.5. 0.41943194600674916
896783, 1,  9, 0.5. 0.41975308641975306
45234, 1,  9, 0.5. 0.4269759450171821
15, 1,  5, 0.5. 0.41929133858267714
45234, 1,  5, 0.5. 0.427262313860252
896783, 1,  13, 0.5. 0.4202047576031316
12, 1,  9, 0.5. 0.43043844856661045
12, 1,  5, 0.5. 0.4314221472737493
9, 1,  11, 0.5. 0.4061319383900029
15, 1,  9, 0.5. 0.41943194600674916
45234, 1,  15, 0.5. 0.4269759450171821
9, 1,  9, 0.5. 0.4061319383900029
45234, 1,  1, 0.5. 0.42511454753722794
9, 1,  1, 0.5. 0.3990119151409474
9, 1,  13, 0.5. 0.4061319383900029
15, 1,  3, 0.5. 0.41943194600674916
15, 1,  1, 0.5. 0.4204161979752531
12, 1,  1, 0.5. 0.4280494659921304
12, 1,  11, 0.5. 0.4291736930860034
12, 1,  3, 0.5. 0.4376053962900506
45234, 1,  13, 0.5. 0.4269759450171821
45234, 1,  11, 0.5. 0.4269759450171821
15, 1,  15, 0.5. 0.41943194600674916
15, 1,  11, 0.5. 0.41943194600674916
9, 1,  15, 0.5. 0.4061319383900029
12, 1,  13, 0.5. 0.43043844856661045
15, 1,  13, 0.5. 0.41943194600674916
12, 1,  15, 0.5. 0.4291736930860034
896783, 1,  7, 5. 0.4256248118036736
896783, 1,  5, 5. 0.44670280036133697
896783, 1,  1, 5. 0.001656127672387835
45234, 1,  3, 5. 0.1764032073310424
896783, 1,  15, 5. 0.4220114423366456
896783, 1,  3, 5. 0.4028906955736224
9, 1,  3, 5. 0.4010462074978204
45234, 1,  7, 5. 0.42396907216494845
896783, 1,  9, 5. 0.42622704004817824
9, 1,  7, 5. 0.42545771578029645
896783, 1,  11, 5. 0.4202047576031316
15, 1,  7, 5. 0.4237907761529809
9, 1,  5, 5. 0.4099099099099099
15, 1,  5, 5. 0.3312710911136108
896783, 1,  13, 5. 0.41448358928033724
12, 1,  7, 5. 0.44631815626756605
45234, 1,  5, 5. 0.41652348224513175
45234, 1,  9, 5. 0.4269759450171821
9, 1,  11, 5. 0.42226097064806745
45234, 1,  15, 5. 0.4231099656357388
15, 1,  9, 5. 0.42449381327334085
12, 1,  9, 5. 0.4243957279370433
9, 1,  13, 5. 0.3978494623655914
9, 1,  9, 5. 0.3933449578610869
12, 1,  5, 5. 0.42144463181562675
15, 1,  3, 5. 0.3816085489313836
15, 1,  1, 5. 0.4176040494938133
45234, 1,  1, 5. 0.011597938144329897
12, 1,  3, 5. 0.3067734682405846
9, 1,  1, 5. 0.3814298169136879
12, 1,  11, 5. 0.42973580663293987
12, 1,  1, 5. 0.42270938729623386
45234, 1,  13, 5. 0.4236827033218786
15, 1,  11, 5. 0.4235095613048369
45234, 1,  11, 5. 0.4302691867124857
9, 1,  15, 5. 0.4043882592269689
15, 1,  15, 5. 0.4153543307086614
15, 1,  13, 5. 0.41465129358830144
12, 1,  13, 5. 0.4342327150084317
12, 1,  15, 5. 0.43043844856661045
896783, 1,  7, 10. 0.4111713339355616
896783, 1,  5, 10. 0.4206564287865101
896783, 1,  1, 10. 0.4202047576031316
896783, 1,  3, 10. 0.39370671484492625
45234, 1,  3, 10. 0.0
896783, 1,  15, 10. 0.40665462210177655
896783, 1,  9, 10. 0.4281842818428184
45234, 1,  7, 10. 0.20647193585337914
896783, 1,  11, 10. 0.4278831677205661
9, 1,  7, 10. 0.4014821272885789
9, 1,  3, 10. 0.3824469630921244
15, 1,  5, 10. 0.3937007874015748
896783, 1,  13, 10. 0.4235170129479073
896783, 2,  7, 0.001. 0.5448660042155977
9, 1,  5, 10. 0.4029351932577739
896783, 2,  5, 0.001. 0.544263775971093
15, 1,  7, 10. 0.09420697412823396
45234, 1,  5, 10. 0.4148052691867125
896783, 2,  1, 0.001. 0.5448660042155977
45234, 1,  15, 10. 0.43313287514318444
9, 1,  11, 10. 0.3978494623655914
12, 1,  7, 10. 0.2015177065767285
15, 1,  9, 10. 0.41943194600674916
45234, 1,  9, 10. 0.40492554410080184
9, 1,  13, 10. 0.4052600988084859
12, 1,  9, 10. 0.42214727374929734
9, 1,  9, 10. 0.07236268526591107
12, 1,  1, 10. 0.4319842608206858
9, 1,  1, 10. 0.07773902935193258
45234, 2,  3, 0.001. 0.5336483390607102
12, 1,  3, 10. 0.0
896783, 2,  15, 0.001. 0.5448660042155977
15, 1,  3, 10. 0.001546681664791901
15, 1,  1, 10. 0.40874578177727783
896783, 2,  3, 0.001. 0.5448660042155977
15, 1,  11, 10. 0.42561867266591674
896783, 2,  11, 0.001. 0.544263775971093
45234, 1,  1, 10. 0.4289805269186712
12, 1,  5, 10. 0.40205171444631815
896783, 2,  9, 0.001. 0.544263775971093
9, 2,  3, 0.001. 0.521795989537925
45234, 2,  7, 0.001. 0.5336483390607102
12, 1,  11, 10. 0.41863406408094433
9, 2,  7, 0.001. 0.521795989537925
896783, 2,  7, 0.1. 0.544263775971093
45234, 1,  13, 10. 0.434135166093929
45234, 1,  11, 10. 0.4365693012600229
15, 2,  5, 0.001. 0.5366985376827896
896783, 2,  5, 0.1. 0.5448660042155977
15, 2,  7, 0.001. 0.5369797525309337
896783, 2,  13, 0.001. 0.5448660042155977
9, 2,  5, 0.001. 0.521795989537925
9, 1,  15, 10. 0.3952339436210404
15, 1,  15, 10. 0.4187289088863892
896783, 2,  1, 0.1. 0.544263775971093
45234, 2,  5, 0.001. 0.5336483390607102
9, 2,  11, 0.001. 0.521795989537925
15, 1,  13, 10. 0.421259842519685
45234, 2,  15, 0.001. 0.5335051546391752
12, 2,  7, 0.001. 0.5448285553681844
15, 2,  9, 0.001. 0.5369797525309337
45234, 2,  9, 0.001. 0.5333619702176403
9, 2,  13, 0.001. 0.521795989537925
12, 2,  9, 0.001. 0.5453906689151209
9, 2,  9, 0.001. 0.521795989537925
12, 1,  13, 10. 0.4349353569421023
45234, 2,  3, 0.1. 0.5333619702176403
12, 1,  15, 10. 0.4274873524451939
15, 2,  3, 0.001. 0.5369797525309337
12, 2,  3, 0.001. 0.5448285553681844
896783, 2,  15, 0.1. 0.5448660042155977
12, 2,  1, 0.001. 0.5451096121416527
9, 2,  1, 0.001. 0.521795989537925
896783, 2,  11, 0.1. 0.544263775971093
15, 2,  1, 0.001. 0.5369797525309337
45234, 2,  1, 0.001. 0.5336483390607102
896783, 2,  3, 0.1. 0.5447154471544715
15, 2,  11, 0.001. 0.5366985376827896
12, 2,  5, 0.001. 0.5453906689151209
896783, 2,  9, 0.1. 0.5447154471544715
9, 2,  3, 0.1. 0.5212147631502471
9, 2,  7, 0.1. 0.521795989537925
45234, 2,  7, 0.1. 0.5336483390607102
896783, 2,  7, 0.5. 0.5445648900933454
12, 2,  11, 0.001. 0.5448285553681844
45234, 2,  13, 0.001. 0.5337915234822451
45234, 2,  11, 0.001. 0.5335051546391752
896783, 2,  5, 0.5. 0.5441132189099669
896783, 2,  13, 0.1. 0.544263775971093
15, 2,  7, 0.1. 0.5366985376827896
15, 2,  5, 0.1. 0.5366985376827896
9, 2,  5, 0.1. 0.522377215925603
9, 2,  15, 0.001. 0.521795989537925
896783, 2,  1, 0.5. 0.5573622402890696
45234, 2,  5, 0.1. 0.5342210767468499
15, 2,  15, 0.001. 0.5366985376827896
45234, 2,  15, 0.1. 0.5333619702176403
12, 2,  7, 0.1. 0.5451096121416527
9, 2,  11, 0.1. 0.522377215925603
15, 2,  9, 0.1. 0.5369797525309337
15, 2,  13, 0.001. 0.5366985376827896
12, 2,  15, 0.001. 0.5449690837549185
12, 2,  1, 0.1. 0.5449690837549185
9, 2,  1, 0.1. 0.5244115082824761
45234, 2,  9, 0.1. 0.5336483390607102
12, 2,  3, 0.1. 0.545531197301855
15, 2,  1, 0.1. 0.5358548931383577
12, 2,  9, 0.1. 0.545531197301855
45234, 2,  3, 0.5. 0.5315005727376861
9, 2,  9, 0.1. 0.522086602731764
9, 2,  13, 0.1. 0.522086602731764
15, 2,  11, 0.1. 0.5366985376827896
896783, 2,  9, 0.5. 0.5444143330322192
12, 2,  13, 0.001. 0.5449690837549185
15, 2,  3, 0.1. 0.5364173228346457
896783, 2,  15, 0.5. 0.5448660042155977
9, 2,  7, 0.5. 0.522958442313281
896783, 2,  11, 0.5. 0.544263775971093
45234, 2,  1, 0.1. 0.5346506300114547
896783, 2,  3, 0.5. 0.5462210177657332
45234, 2,  11, 0.1. 0.5336483390607102
12, 2,  5, 0.1. 0.545531197301855
9, 2,  3, 0.5. 0.5251380412670735
896783, 2,  13, 0.5. 0.5444143330322192
45234, 2,  7, 0.5. 0.5327892325315006
896783, 2,  7, 5. 0.5638361939174947
45234, 2,  5, 0.5. 0.5346506300114547
9, 2,  15, 0.1. 0.522086602731764
896783, 2,  5, 5. 0.5382414935260463
15, 2,  15, 0.1. 0.5369797525309337
12, 2,  11, 0.1. 0.5448285553681844
9, 2,  5, 0.5. 0.522377215925603
15, 2,  7, 0.5. 0.5364173228346457
15, 2,  5, 0.5. 0.5364173228346457
45234, 2,  15, 0.5. 0.5346506300114547
12, 2,  7, 0.5. 0.5446880269814502
15, 2,  9, 0.5. 0.5375421822272216
9, 2,  11, 0.5. 0.522958442313281
15, 2,  13, 0.1. 0.5366985376827896
12, 2,  15, 0.1. 0.5448285553681844
9, 2,  1, 0.5. 0.527027027027027
12, 2,  1, 0.5. 0.5507307476110175
12, 2,  3, 0.5. 0.5449690837549185
15, 2,  1, 0.5. 0.5355736782902137
45234, 2,  9, 0.5. 0.5333619702176403
15, 2,  11, 0.5. 0.5375421822272216
45234, 2,  3, 5. 0.5538373424971363
896783, 2,  9, 5. 0.5436615477265884
12, 2,  9, 0.5. 0.5460933108487914
9, 2,  13, 0.5. 0.522086602731764
9, 2,  9, 0.5. 0.5219412961348445
9, 2,  7, 5. 0.524702121476315
896783, 2,  15, 5. 0.5388437217705511
15, 2,  3, 0.5. 0.5369797525309337
12, 2,  13, 0.1. 0.5451096121416527
896783, 2,  11, 5. 0.5528455284552846
896783, 2,  13, 5. 0.5555555555555556
896783, 2,  3, 5. 0.5263474856970792
45234, 2,  11, 0.5. 0.5342210767468499
45234, 2,  1, 0.5. 0.5306414662084765
45234, 2,  5, 5. 0.5531214203894617
12, 2,  5, 0.5. 0.5439853850477796
9, 2,  3, 5. 0.5448997384481256
45234, 2,  7, 5. 0.5282073310423826
9, 2,  15, 0.5. 0.521505376344086
9, 2,  5, 5. 0.54359197907585
15, 2,  15, 0.5. 0.5374015748031497
45234, 2,  15, 5. 0.531930126002291
15, 2,  7, 5. 0.5421822272215973
15, 2,  5, 5. 0.5396512935883014
12, 2,  7, 5. 0.5448285553681844
12, 2,  11, 0.5. 0.5446880269814502
15, 2,  9, 5. 0.5487907761529809
9, 2,  11, 5. 0.5289160127869805
9, 2,  1, 5. 0.508137169427492
12, 2,  1, 5. 0.006042720629567172
15, 2,  13, 0.5. 0.5372609673790776
12, 2,  3, 5. 0.5473580663293985
15, 2,  1, 5. 0.2566085489313836
12, 2,  15, 0.5. 0.5456717256885891
15, 2,  11, 5. 0.5358548931383577
45234, 2,  9, 5. 0.5335051546391752
12, 2,  9, 5. 0.5505902192242833
9, 2,  13, 5. 0.515402499273467
9, 2,  9, 5. 0.5167102586457425
15, 2,  3, 5. 0.009983127109111362
896783, 2,  13, 10. 0.5465221318879856
896783, 2,  11, 10. 0.5374887082204155
12, 2,  13, 0.5. 0.5452501405283867
896783, 2,  3, 10. 0.5213791026799157
45234, 2,  11, 5. 0.5378006872852233
45234, 2,  1, 5. 0.5191867124856816
45234, 2,  5, 10. 0.5315005727376861
12, 2,  5, 5. 0.5522765598650927
9, 2,  3, 10. 0.513368206916594
45234, 2,  7, 10. 0.49828178694158076
9, 2,  15, 5. 0.5175820982272595
9, 2,  5, 10. 0.42574832897413545
15, 2,  15, 5. 0.5403543307086615
45234, 2,  15, 10. 0.5372279495990836
15, 2,  5, 10. 0.3494094488188976
15, 2,  7, 10. 0.5404949381327334
12, 2,  11, 5. 0.5449690837549185
896783, 3,  13, 0.001. 0.6186389641674195
12, 2,  7, 10. 0.5496065205171444
896783, 3,  3, 0.001. 0.6186389641674195
15, 2,  9, 10. 0.5255905511811023
45234, 3,  5, 0.001. 0.6145475372279496
45234, 3,  7, 0.001. 0.6154066437571593
9, 3,  3, 0.001. 0.6040395233943621
9, 2,  11, 10. 0.5135135135135135
9, 3,  5, 0.001. 0.6044754431851206
45234, 3,  15, 0.001. 0.6146907216494846
9, 2,  1, 10. 0.006393490264458007
15, 3,  5, 0.001. 0.6103768278965129
15, 3,  7, 0.001. 0.610236220472441
12, 2,  1, 10. 0.004496908375491849
12, 3,  7, 0.001. 0.6228218100056211
15, 2,  13, 5. 0.5355736782902137
15, 3,  9, 0.001. 0.6103768278965129
45234, 3,  7, 0.1. 0.6146907216494846
12, 2,  3, 10. 0.5428611579539067
45234, 3,  5, 0.1. 0.6145475372279496
15, 2,  1, 10. 0.32269403824521936
12, 2,  15, 5. 0.5517144463181562
9, 3,  3, 0.1. 0.6040395233943621
15, 2,  11, 10. 0.5389482564679415
45234, 2,  9, 10. 0.5393757159221076
9, 3,  1, 0.001. 0.6044754431851206
12, 2,  9, 10. 0.5421585160202361
9, 3,  5, 0.1. 0.6050566695727986
9, 2,  13, 10. 0.5079918628305725
15, 2,  3, 10. 0.028824521934758155
9, 3,  11, 0.001. 0.6041848299912816
45234, 3,  15, 0.1. 0.6154066437571593
9, 2,  9, 10. 0.06684103458297007
15, 3,  5, 0.1. 0.6100956130483689
12, 3,  7, 0.1. 0.622681281618887
15, 3,  7, 0.1. 0.6099550056242969
12, 2,  13, 5. 0.5424395727937044
12, 3,  1, 0.001. 0.6228218100056211
45234, 2,  11, 10. 0.5176116838487973
12, 2,  5, 10. 0.5396290050590219
15, 3,  1, 0.001. 0.6103768278965129
15, 3,  9, 0.1. 0.610236220472441
45234, 2,  1, 10. 0.5177548682703322
9, 3,  3, 0.5. 0.6095611740773031
12, 3,  3, 0.001. 0.6228218100056211
45234, 3,  9, 0.001. 0.6145475372279496
15, 3,  11, 0.001. 0.6099550056242969
9, 3,  5, 0.5. 0.6046207497820401
15, 3,  3, 0.001. 0.6099550056242969
9, 3,  13, 0.001. 0.6041848299912816
9, 3,  1, 0.1. 0.6065097355419936
12, 3,  9, 0.001. 0.622681281618887
15, 3,  5, 0.5. 0.609673790776153
9, 3,  9, 0.001. 0.6040395233943621
45234, 3,  15, 0.5. 0.6142611683848798
12, 3,  7, 0.5. 0.6268971332209107
9, 2,  15, 10. 0.5297878523684976
15, 3,  7, 0.5. 0.610236220472441
9, 3,  11, 0.1. 0.6040395233943621
15, 2,  15, 10. 0.5410573678290214
15, 3,  1, 0.1. 0.610658042744657
12, 2,  11, 10. 0.5394884766722878
12, 3,  1, 0.1. 0.6212759977515458
12, 3,  5, 0.001. 0.6228218100056211
15, 3,  9, 0.5. 0.6105174353205849
9, 3,  5, 5. 0.5851496657948271
45234, 3,  11, 0.001. 0.6145475372279496
45234, 3,  1, 0.001. 0.6145475372279496
12, 3,  9, 0.1. 0.6228218100056211
9, 3,  13, 0.1. 0.6049113629758791
15, 3,  3, 0.1. 0.609251968503937
12, 3,  3, 0.1. 0.6215570545250141
45234, 3,  9, 0.1. 0.6155498281786942
15, 3,  11, 0.1. 0.610236220472441
9, 3,  1, 0.5. 0.597646033129904
15, 3,  5, 5. 0.6503093363329584
9, 3,  9, 0.1. 0.6049113629758791
9, 3,  11, 0.5. 0.6050566695727986
45234, 3,  15, 5. 0.6244272623138603
12, 3,  7, 5. 0.6302698145025295
15, 3,  7, 5. 0.6212035995500562
9, 3,  15, 0.001. 0.6043301365882011
12, 3,  1, 0.5. 0.6207138842046094
15, 3,  15, 0.001. 0.610236220472441
15, 2,  13, 10. 0.5551181102362205
9, 3,  13, 0.5. 0.6040395233943621
12, 3,  11, 0.001. 0.622681281618887
15, 3,  1, 0.5. 0.6123453318335208
45234, 3,  11, 0.1. 0.6145475372279496
15, 3,  9, 5. 0.6053149606299213
12, 3,  9, 0.5. 0.6229623383923553
12, 3,  5, 0.1. 0.6228218100056211
9, 3,  11, 5. 0.6150828247602441
9, 3,  1, 5. 0.6217669282185411
45234, 3,  1, 0.1. 0.6144043528064147
15, 3,  3, 0.5. 0.609251968503937
9, 3,  9, 0.5. 0.6037489102005231
15, 3,  11, 0.5. 0.6110798650168728
12, 3,  7, 10. 0.6142495784148398
12, 3,  3, 0.5. 0.6236649803260259
45234, 3,  15, 10. 0.6176975945017182
45234, 3,  9, 0.5. 0.6162657502863689
12, 2,  15, 10. 0.5522765598650927
12, 3,  1, 5. 0.6103147835862844
15, 3,  1, 5. 0.5826771653543307
12, 3,  11, 0.1. 0.6228218100056211
9, 3,  15, 0.1. 0.6041848299912816
9, 3,  13, 5. 0.5996803254867771
15, 3,  15, 0.1. 0.610236220472441
12, 3,  9, 5. 0.6159359190556493
12, 3,  5, 0.5. 0.6268971332209107
45234, 3,  11, 0.5. 0.6144043528064147
15, 3,  9, 10. 0.6116422947131609
45234, 3,  1, 0.5. 0.6106815578465064
15, 3,  3, 5. 0.07733408323959505
45234, 4,  15, 0.001. 0.6842783505154639
15, 3,  13, 0.001. 0.6099550056242969
9, 3,  11, 10. 0.5889276373147341
9, 3,  9, 5. 0.6124673060156931
12, 2,  13, 10. 0.5508712759977515
9, 3,  1, 10. 0.3289741354257483
12, 3,  3, 5. 0.6236649803260259
15, 3,  1, 10. 0.5964566929133859
12, 3,  15, 0.001. 0.622681281618887
15, 4,  9, 0.001. 0.6740719910011248
15, 3,  11, 5. 0.6296400449943758
12, 3,  1, 10. 0.13350196739741427
15, 3,  15, 0.5. 0.610658042744657
9, 4,  11, 0.001. 0.6692821854112176
45234, 3,  9, 5. 0.6179839633447881
9, 4,  1, 0.001. 0.6694274920081371
12, 3,  5, 5. 0.6100337268128162
9, 3,  15, 0.5. 0.6050566695727986
15, 4,  9, 0.1. 0.6747750281214848
15, 3,  3, 10. 0.6023622047244095
12, 4,  1, 0.001. 0.6850758853288365
9, 3,  13, 10. 0.6085440278988666
12, 3,  13, 0.001. 0.6228218100056211
45234, 3,  11, 5. 0.63631156930126
15, 4,  1, 0.001. 0.6744938132733408
9, 4,  1, 0.1. 0.6671025864574252
45234, 3,  1, 5. 0.5751718213058419
12, 3,  11, 0.5. 0.6242270938729624
12, 3,  3, 10. 0.05761663856098932
15, 3,  13, 0.1. 0.6103768278965129
12, 3,  9, 10. 0.6219786396852164
9, 4,  11, 0.1. 0.6692821854112176
9, 3,  9, 10. 0.5954664341761116
15, 4,  3, 0.001. 0.6746344206974129
15, 3,  11, 10. 0.6122047244094488
15, 3,  15, 5. 0.6147356580427447
9, 4,  13, 0.001. 0.6687009590235397
12, 4,  1, 0.1. 0.6859190556492412
9, 4,  1, 0.5. 0.6970357454228422
12, 4,  3, 0.001. 0.6850758853288365
12, 3,  15, 0.1. 0.6225407532321529
15, 4,  1, 0.1. 0.6730877390326209
15, 4,  3, 0.1. 0.6756186726659168
12, 4,  9, 0.001. 0.6852164137155705
12, 3,  5, 10. 0.13715570545250141
15, 4,  11, 0.001. 0.6747750281214848
45234, 3,  9, 10. 0.6082474226804123
9, 3,  15, 5. 0.6044754431851206
45234, 3,  11, 10. 0.6192726231386025
9, 4,  11, 0.5. 0.6675385062481837
12, 3,  13, 0.1. 0.6233839235525576
9, 4,  9, 0.001. 0.6689915722173787
9, 4,  13, 0.1. 0.6687009590235397
12, 4,  3, 0.1. 0.6842327150084317
12, 4,  1, 0.5. 0.6847948285553682
12, 3,  11, 5. 0.630831928049466
15, 3,  13, 0.5. 0.610658042744657
15, 4,  3, 0.5. 0.6687289088863893
12, 4,  9, 0.1. 0.6852164137155705
45234, 4,  9, 0.001. 0.6839919816723941
15, 4,  1, 0.5. 0.6701349831271091
15, 4,  11, 0.1. 0.6749156355455568
45234, 4,  11, 0.001. 0.6842783505154639
45234, 3,  1, 10. 0.5711626575028637
15, 3,  15, 10. 0.6062992125984252
9, 4,  11, 5. 0.6964545190351642
9, 4,  13, 0.5. 0.6694274920081371
12, 4,  1, 5. 0.653035413153457
12, 4,  5, 0.001. 0.6850758853288365
9, 4,  9, 0.1. 0.6692821854112176
45234, 4,  9, 0.1. 0.6842783505154639
12, 3,  15, 0.5. 0.6222596964586846
12, 4,  3, 0.5. 0.6836706014614953
15, 4,  11, 0.5. 0.6751968503937008
12, 4,  9, 0.5. 0.6847948285553682
45234, 4,  1, 0.001. 0.684135166093929
45234, 4,  11, 0.1. 0.684135166093929
15, 4,  3, 5. 0.6511529808773904
15, 4,  1, 5. 0.6639482564679415
15, 4,  15, 0.001. 0.6740719910011248
9, 4,  13, 5. 0.6689915722173787
12, 4,  1, 10. 0.1205733558178752
12, 4,  5, 0.1. 0.6845137717819
12, 3,  11, 10. 0.6242270938729624
9, 4,  9, 0.5. 0.6688462656204591
9, 3,  15, 10. 0.5954664341761116
45234, 4,  9, 0.5. 0.6838487972508591
12, 3,  13, 0.5. 0.6236649803260259
45234, 4,  11, 0.5. 0.6844215349369989
12, 4,  3, 5. 0.6254918493535694
45234, 4,  1, 0.1. 0.6845647193585338
15, 4,  3, 10. 0.6609955005624297
15, 4,  11, 5. 0.6677446569178853
15, 4,  1, 10. 0.6417322834645669
12, 4,  9, 5. 0.681000562113547
15, 3,  13, 5. 0.608970753655793
15, 4,  15, 0.1. 0.6743532058492688
9, 4,  13, 10. 0.6707352513804127
12, 4,  5, 0.5. 0.6840921866216976
15, 5,  1, 0.001. 0.7290494938132733
12, 4,  11, 0.001. 0.6847948285553682
15, 5,  3, 0.001. 0.7284870641169854
45234, 4,  11, 5. 0.6968785796105383
9, 4,  15, 0.001. 0.6688462656204591
12, 4,  3, 10. 0.698566610455312
45234, 4,  1, 0.5. 0.6832760595647194
9, 5,  13, 0.001. 0.7246439988375473
45234, 4,  9, 5. 0.6857101947308133
9, 4,  9, 5. 0.6775646614356292
12, 3,  15, 5. 0.6194491287240023
15, 4,  11, 10. 0.6535433070866141
12, 4,  9, 10. 0.6839516582349635
15, 4,  15, 0.5. 0.6751968503937008
15, 5,  3, 0.1. 0.7290494938132733
12, 5,  3, 0.001. 0.7366498032602585
9, 5,  13, 0.1. 0.7242080790467887
12, 4,  5, 5. 0.6797358066329399
12, 4,  11, 0.1. 0.6847948285553682
15, 5,  11, 0.001. 0.7287682789651294
12, 5,  9, 0.001. 0.7366498032602585
45234, 4,  11, 10. 0.6619415807560137
9, 4,  15, 0.1. 0.6687009590235397
45234, 4,  1, 5. 0.6965922107674685
45234, 4,  9, 10. 0.6748281786941581
9, 4,  9, 10. 0.6509735541993606
15, 5,  3, 0.5. 0.7256749156355455
12, 3,  13, 5. 0.6212759977515458
12, 5,  3, 0.1. 0.7352445193929174
9, 5,  13, 0.5. 0.7247893054344667
15, 4,  15, 5. 0.6778683914510686
15, 5,  11, 0.1. 0.7290494938132733
12, 5,  9, 0.1. 0.7363687464867903
45234, 5,  11, 0.001. 0.7368270332187858
15, 3,  13, 10. 0.5968785151856018
45234, 5,  9, 0.001. 0.7371134020618557
9, 5,  9, 0.001. 0.7247893054344667
12, 4,  5, 10. 0.6783305227655987
12, 5,  3, 0.5. 0.7328555368184373
9, 5,  13, 5. 0.7221737866899157
12, 4,  11, 0.5. 0.6839516582349635
9, 4,  15, 0.5. 0.6698634117988956
45234, 4,  1, 10. 0.663516609392898
15, 5,  11, 0.5. 0.7303149606299213
12, 5,  9, 0.5. 0.7360876897133221
45234, 5,  11, 0.1. 0.7372565864833907
45234, 5,  9, 0.1. 0.7372565864833907
12, 5,  5, 0.001. 0.735947161326588
15, 4,  15, 10. 0.639341957255343
9, 5,  9, 0.1. 0.7244986922406277
12, 3,  15, 10. 0.4991568296795953
12, 5,  3, 5. 0.7601180438448567
9, 5,  13, 10. 0.7166521360069747
15, 5,  11, 5. 0.7329865016872891
45234, 5,  1, 0.001. 0.7368270332187858
12, 5,  9, 5. 0.7303260258572232
15, 4,  13, 0.001. 0.6747750281214848
45234, 5,  11, 0.5. 0.7368270332187858
45234, 5,  9, 0.5. 0.736397479954181
12, 4,  11, 5. 0.6805789769533446
15, 5,  15, 0.001. 0.7284870641169854
12, 5,  5, 0.1. 0.7365092748735245
9, 5,  9, 0.5. 0.7244986922406277
9, 4,  15, 5. 0.6627433885498402
12, 5,  3, 10. 0.693929173693086
45234, 5,  1, 0.1. 0.7376861397479955
15, 5,  11, 10. 0.7315804274465691
12, 5,  9, 10. 0.7134626194491287
45234, 5,  11, 5. 0.7282359679266895
45234, 5,  9, 5. 0.7555841924398625
12, 62,  3, 0.001. 0.811973018549747
12, 4,  15, 0.001. 0.6852164137155705
12, 3,  13, 10. 0.6323777403035413
12, 5,  5, 0.5. 0.7331365935919055
15, 5,  15, 0.1. 0.7284870641169854
9, 5,  9, 5. 0.7288578901482128
15, 62,  11, 0.001. 0.8059617547806525
12, 62,  9, 0.001. 0.8116919617762788
15, 4,  13, 0.1. 0.6747750281214848
12, 62,  3, 0.1. 0.8132377740303541
45234, 5,  1, 0.5. 0.7336769759450171
12, 4,  11, 10. 0.6773468240584598
45234, 5,  11, 10. 0.7235108820160366
45234, 5,  9, 10. 0.7385452462772051
12, 62,  9, 0.1. 0.8115514333895447
9, 4,  15, 10. 0.6628886951467596
15, 5,  15, 0.5. 0.7290494938132733
12, 5,  5, 5. 0.7706576728499157
9, 5,  9, 10. 0.22885789014821273
12, 62,  3, 0.5. 0.8094435075885329
45234, 62,  11, 0.001. 0.8115693012600229
12, 62,  9, 0.5. 0.8126756604834177
45234, 62,  9, 0.001. 0.811426116838488
45234, 5,  1, 5. 0.7703321878579611
12, 4,  15, 0.1. 0.6847948285553682
12, 5,  11, 0.001. 0.7366498032602585
12, 62,  3, 5. 0.6280213603147836
9, 58,  9, 0.001. 0.7978785236849752
12, 4,  13, 0.001. 0.6852164137155705
9, 5,  15, 0.001. 0.7242080790467887
45234, 62,  11, 0.1. 0.8111397479954181
12, 62,  9, 5. 0.8163293985385047
15, 5,  15, 5. 0.7253937007874016
45234, 62,  9, 0.1. 0.8109965635738832
15, 4,  13, 0.5. 0.6746344206974129
12, 5,  5, 10. 0.7397414277684092
12, 62,  3, 10. 0.7306070826306914
9, 58,  9, 0.1. 0.7977332170880558
45234, 5,  1, 10. 0.7132016036655212
12, 62,  9, 10. 0.7883642495784149
45234, 62,  11, 0.5. 0.811282932416953
45234, 62,  9, 0.5. 0.8111397479954181
12, 5,  11, 0.1. 0.7369308600337268
12, 62,  5, 0.001. 0.8116919617762788
9, 5,  15, 0.1. 0.7243533856437082
9, 58,  9, 0.5. 0.7968613775065388
15, 5,  15, 10. 0.7221597300337458
45234, 62,  1, 0.001. 0.8117124856815578
45234, 62,  11, 5. 0.8197308132875143
45234, 62,  9, 5. 0.8058419243986255
12, 4,  15, 0.5. 0.6856379988757729
12, 62,  5, 0.1. 0.8123946037099494
12, 4,  13, 0.1. 0.6847948285553682
9, 58,  9, 5. 0.7977332170880558
15, 62,  15, 0.001. 0.8061023622047244
45234, 62,  1, 0.1. 0.8118556701030928
12, 5,  11, 0.5. 0.7352445193929174
15, 4,  13, 5. 0.6595894263217098
45234, 62,  11, 10. 0.7965349369988545
45234, 62,  9, 10. 0.8052691867124857
9, 5,  15, 0.5. 0.7256611450159838
12, 62,  5, 0.5. 0.8128161888701517
9, 58,  9, 10. 0.7933740191804708
15, 62,  15, 0.1. 0.8056805399325084
45234, 62,  1, 0.5. 0.8075601374570447
12, 62,  5, 5. 0.8094435075885329
12, 5,  11, 5. 0.7325744800449691
15, 62,  15, 0.5. 0.8061023622047244
9, 5,  15, 5. 0.7224643998837548
12, 4,  15, 5. 0.6769252388982574
45234, 62,  1, 5. 0.7932416953035509
12, 4,  13, 0.5. 0.6840921866216976
12, 62,  5, 10. 0.712619449128724
15, 62,  15, 5. 0.8046962879640045
15, 4,  13, 10. 0.6657761529808774
45234, 62,  1, 10. 0.5700171821305842
12, 5,  11, 10. 0.7688308038223721
9, 5,  15, 10. 0.7194129613484452
15, 62,  15, 10. 0.8037120359955006
12, 62,  11, 0.001. 0.811832490163013
9, 58,  15, 0.001. 0.7980238302818948
15, 5,  13, 0.001. 0.7287682789651294
12, 4,  15, 10. 0.7210511523327712
12, 4,  13, 5. 0.6873243395165823
12, 62,  11, 0.1. 0.8116919617762788
9, 58,  15, 0.1. 0.7977332170880558
15, 5,  13, 0.1. 0.7287682789651294
12, 5,  15, 0.001. 0.7366498032602585
12, 62,  11, 0.5. 0.8116919617762788
9, 58,  15, 0.5. 0.7977332170880558
9, 58,  15, 5. 0.7996222028480093
12, 62,  11, 5. 0.8140809443507588
12, 5,  15, 0.1. 0.7363687464867903
15, 5,  13, 0.5. 0.7284870641169854
12, 4,  13, 10. 0.681141090500281
9, 58,  15, 10. 0.8113920371984888
12, 62,  11, 10. 0.7227374929735807
12, 5,  15, 0.5. 0.7369308600337268
15, 5,  13, 5. 0.7227221597300337
12, 5,  13, 0.001. 0.7366498032602585
12, 5,  15, 5. 0.732433951658235
15, 5,  13, 10. 0.7068335208098988
12, 5,  13, 0.1. 0.7360876897133221
15, 62,  13, 0.001. 0.8061023622047244
12, 5,  15, 10. 0.731309724564362
12, 5,  13, 0.5. 0.7369308600337268
15, 62,  13, 0.1. 0.8059617547806525
12, 62,  15, 0.001. 0.811973018549747
15, 62,  13, 0.5. 0.8061023622047244
12, 5,  13, 5. 0.7487352445193929
12, 62,  15, 0.1. 0.8115514333895447
15, 62,  13, 5. 0.8028683914510686
12, 62,  15, 0.5. 0.8136593591905565
12, 5,  13, 10. 0.7192242833052277
15, 62,  13, 10. 0.8056805399325084
12, 62,  15, 5. 0.8171725688589095
12, 62,  13, 0.001. 0.811973018549747
12, 62,  15, 10. 0.8146430578976953
12, 62,  13, 0.1. 0.8116919617762788
12, 62,  13, 0.5. 0.811973018549747
12, 62,  13, 5. 0.8090219224283305
12, 62,  13, 10. 0.8139404159640248
