Seed, Order, mu, sigma, Accuracy, Supervison
896783, 1,  5, 0.001, 0.4202047576031316,w
896783, 1,  7, 0.001, 0.4202047576031316,w
45234, 1,  3, 0.001, 0.4268327605956472,w
896783, 1,  11, 0.001, 0.4202047576031316,w
9, 1,  3, 0.001, 0.4068584713746004,w
9, 1,  7, 0.001, 0.4068584713746004,w
12, 1,  9, 0.001, 0.42973580663293987,w
896783, 1,  1, 0.001, 0.4202047576031316,w
12, 1,  7, 0.001, 0.42973580663293987,w
15, 1,  7, 0.001, 0.41943194600674916,w
45234, 1,  9, 0.001, 0.4268327605956472,w
45234, 1,  7, 0.001, 0.4268327605956472,w
896783, 1,  3, 0.001, 0.4202047576031316,w
9, 1,  1, 0.001, 0.4068584713746004,w
896783, 1,  15, 0.001, 0.4202047576031316,w
896783, 1,  13, 0.001, 0.4202047576031316,w
45234, 1,  5, 0.001, 0.4268327605956472,w
896783, 1,  9, 0.001, 0.4202047576031316,w
15, 1,  3, 0.001, 0.41943194600674916,w
15, 1,  9, 0.001, 0.41943194600674916,w
12, 1,  5, 0.001, 0.42973580663293987,w
15, 1,  5, 0.001, 0.41943194600674916,w
9, 1,  11, 0.001, 0.4068584713746004,w
9, 1,  5, 0.001, 0.4068584713746004,w
45234, 1,  1, 0.001, 0.4268327605956472,w
15, 1,  1, 0.001, 0.41943194600674916,w
12, 1,  11, 0.001, 0.42973580663293987,w
12, 1,  1, 0.001, 0.42973580663293987,w
9, 1,  13, 0.001, 0.4068584713746004,w
12, 1,  3, 0.001, 0.42973580663293987,w
9, 1,  9, 0.001, 0.4068584713746004,w
45234, 1,  13, 0.001, 0.4268327605956472,w
45234, 1,  11, 0.001, 0.4268327605956472,w
45234, 1,  15, 0.001, 0.4268327605956472,w
15, 1,  13, 0.001, 0.41943194600674916,w
15, 1,  15, 0.001, 0.41943194600674916,w
12, 1,  15, 0.001, 0.42973580663293987,w
15, 1,  11, 0.001, 0.41943194600674916,w
12, 1,  13, 0.001, 0.42973580663293987,w
9, 1,  15, 0.001, 0.4068584713746004,w
896783, 1,  7, 0.1, 0.4202047576031316,w
896783, 1,  5, 0.1, 0.4202047576031316,w
45234, 1,  3, 0.1, 0.4268327605956472,w
9, 1,  3, 0.1, 0.4068584713746004,w
896783, 1,  1, 0.1, 0.4202047576031316,w
896783, 1,  11, 0.1, 0.4202047576031316,w
9, 1,  7, 0.1, 0.4061319383900029,w
896783, 1,  15, 0.1, 0.4202047576031316,w
45234, 1,  7, 0.1, 0.4268327605956472,w
12, 1,  7, 0.1, 0.42973580663293987,w
15, 1,  7, 0.1, 0.421259842519685,w
896783, 1,  3, 0.1, 0.42035531466425774,w
45234, 1,  9, 0.1, 0.4269759450171821,w
45234, 1,  5, 0.1, 0.42626002290950743,w
896783, 1,  9, 0.1, 0.4202047576031316,w
12, 1,  9, 0.1, 0.42973580663293987,w
9, 1,  5, 0.1, 0.4061319383900029,w
15, 1,  5, 0.1, 0.41943194600674916,w
12, 1,  5, 0.1, 0.43043844856661045,w
896783, 1,  13, 0.1, 0.4202047576031316,w
9, 1,  11, 0.1, 0.4061319383900029,w
15, 1,  9, 0.1, 0.41971316085489313,w
9, 1,  1, 0.1, 0.4068584713746004,w
45234, 1,  1, 0.1, 0.4269759450171821,w
15, 1,  3, 0.1, 0.41943194600674916,w
12, 1,  1, 0.1, 0.4301573917931422,w
12, 1,  11, 0.1, 0.42973580663293987,w
45234, 1,  15, 0.1, 0.4268327605956472,w
9, 1,  9, 0.1, 0.4061319383900029,w
15, 1,  1, 0.1, 0.41943194600674916,w
9, 1,  13, 0.1, 0.4068584713746004,w
45234, 1,  11, 0.1, 0.4268327605956472,w
12, 1,  3, 0.1, 0.42973580663293987,w
45234, 1,  13, 0.1, 0.42626002290950743,w
15, 1,  15, 0.1, 0.41943194600674916,w
15, 1,  11, 0.1, 0.41943194600674916,w
12, 1,  13, 0.1, 0.42973580663293987,w
12, 1,  15, 0.1, 0.42973580663293987,w
15, 1,  13, 0.1, 0.41943194600674916,w
9, 1,  15, 0.1, 0.4061319383900029,w
896783, 1,  7, 0.5, 0.4202047576031316,w
896783, 1,  5, 0.5, 0.42080698584763626,w
896783, 1,  1, 0.5, 0.41448358928033724,w
45234, 1,  3, 0.5, 0.42754868270332186,w
9, 1,  3, 0.5, 0.41368788142981694,w
45234, 1,  7, 0.5, 0.4268327605956472,w
9, 1,  7, 0.5, 0.4064225515838419,w
896783, 1,  3, 0.5, 0.4186991869918699,w
896783, 1,  15, 0.5, 0.4186991869918699,w
9, 1,  5, 0.5, 0.41020052310374894,w
896783, 1,  11, 0.5, 0.41915085817524844,w
12, 1,  7, 0.5, 0.43043844856661045,w
15, 1,  7, 0.5, 0.41943194600674916,w
896783, 1,  9, 0.5, 0.41975308641975306,w
45234, 1,  9, 0.5, 0.4269759450171821,w
15, 1,  5, 0.5, 0.41929133858267714,w
45234, 1,  5, 0.5, 0.427262313860252,w
896783, 1,  13, 0.5, 0.4202047576031316,w
12, 1,  9, 0.5, 0.43043844856661045,w
12, 1,  5, 0.5, 0.4314221472737493,w
9, 1,  11, 0.5, 0.4061319383900029,w
15, 1,  9, 0.5, 0.41943194600674916,w
45234, 1,  15, 0.5, 0.4269759450171821,w
9, 1,  9, 0.5, 0.4061319383900029,w
45234, 1,  1, 0.5, 0.42511454753722794,w
9, 1,  1, 0.5, 0.3990119151409474,w
9, 1,  13, 0.5, 0.4061319383900029,w
15, 1,  3, 0.5, 0.41943194600674916,w
15, 1,  1, 0.5, 0.4204161979752531,w
12, 1,  1, 0.5, 0.4280494659921304,w
12, 1,  11, 0.5, 0.4291736930860034,w
12, 1,  3, 0.5, 0.4376053962900506,w
45234, 1,  13, 0.5, 0.4269759450171821,w
45234, 1,  11, 0.5, 0.4269759450171821,w
15, 1,  15, 0.5, 0.41943194600674916,w
15, 1,  11, 0.5, 0.41943194600674916,w
9, 1,  15, 0.5, 0.4061319383900029,w
12, 1,  13, 0.5, 0.43043844856661045,w
15, 1,  13, 0.5, 0.41943194600674916,w
12, 1,  15, 0.5, 0.4291736930860034,w
896783, 1,  7, 5, 0.4256248118036736,w
896783, 1,  5, 5, 0.44670280036133697,w
896783, 1,  1, 5, 0.001656127672387835,w
45234, 1,  3, 5, 0.1764032073310424,w
896783, 1,  15, 5, 0.4220114423366456,w
896783, 1,  3, 5, 0.4028906955736224,w
9, 1,  3, 5, 0.4010462074978204,w
45234, 1,  7, 5, 0.42396907216494845,w
896783, 1,  9, 5, 0.42622704004817824,w
9, 1,  7, 5, 0.42545771578029645,w
896783, 1,  11, 5, 0.4202047576031316,w
15, 1,  7, 5, 0.4237907761529809,w
9, 1,  5, 5, 0.4099099099099099,w
15, 1,  5, 5, 0.3312710911136108,w
896783, 1,  13, 5, 0.41448358928033724,w
12, 1,  7, 5, 0.44631815626756605,w
45234, 1,  5, 5, 0.41652348224513175,w
45234, 1,  9, 5, 0.4269759450171821,w
9, 1,  11, 5, 0.42226097064806745,w
45234, 1,  15, 5, 0.4231099656357388,w
15, 1,  9, 5, 0.42449381327334085,w
12, 1,  9, 5, 0.4243957279370433,w
9, 1,  13, 5, 0.3978494623655914,w
9, 1,  9, 5, 0.3933449578610869,w
12, 1,  5, 5, 0.42144463181562675,w
15, 1,  3, 5, 0.3816085489313836,w
15, 1,  1, 5, 0.4176040494938133,w
45234, 1,  1, 5, 0.011597938144329897,w
12, 1,  3, 5, 0.3067734682405846,w
9, 1,  1, 5, 0.3814298169136879,w
12, 1,  11, 5, 0.42973580663293987,w
12, 1,  1, 5, 0.42270938729623386,w
45234, 1,  13, 5, 0.4236827033218786,w
15, 1,  11, 5, 0.4235095613048369,w
45234, 1,  11, 5, 0.4302691867124857,w
9, 1,  15, 5, 0.4043882592269689,w
15, 1,  15, 5, 0.4153543307086614,w
15, 1,  13, 5, 0.41465129358830144,w
12, 1,  13, 5, 0.4342327150084317,w
12, 1,  15, 5, 0.43043844856661045,w
896783, 1,  7, 10, 0.4111713339355616,w
896783, 1,  5, 10, 0.4206564287865101,w
896783, 1,  1, 10, 0.4202047576031316,w
896783, 1,  3, 10, 0.39370671484492625,w
45234, 1,  3, 10, 0.0,w
896783, 1,  15, 10, 0.40665462210177655,w
896783, 1,  9, 10, 0.4281842818428184,w
45234, 1,  7, 10, 0.20647193585337914,w
896783, 1,  11, 10, 0.4278831677205661,w
9, 1,  7, 10, 0.4014821272885789,w
9, 1,  3, 10, 0.3824469630921244,w
15, 1,  5, 10, 0.3937007874015748,w
896783, 1,  13, 10, 0.4235170129479073,w
896783, 2,  7, 0.001, 0.5448660042155977,w
9, 1,  5, 10, 0.4029351932577739,w
896783, 2,  5, 0.001, 0.544263775971093,w
15, 1,  7, 10, 0.09420697412823396,w
45234, 1,  5, 10, 0.4148052691867125,w
896783, 2,  1, 0.001, 0.5448660042155977,w
45234, 1,  15, 10, 0.43313287514318444,w
9, 1,  11, 10, 0.3978494623655914,w
12, 1,  7, 10, 0.2015177065767285,w
15, 1,  9, 10, 0.41943194600674916,w
45234, 1,  9, 10, 0.40492554410080184,w
9, 1,  13, 10, 0.4052600988084859,w
12, 1,  9, 10, 0.42214727374929734,w
9, 1,  9, 10, 0.07236268526591107,w
12, 1,  1, 10, 0.4319842608206858,w
9, 1,  1, 10, 0.07773902935193258,w
45234, 2,  3, 0.001, 0.5336483390607102,w
12, 1,  3, 10, 0.0,w
896783, 2,  15, 0.001, 0.5448660042155977,w
15, 1,  3, 10, 0.001546681664791901,w
15, 1,  1, 10, 0.40874578177727783,w
896783, 2,  3, 0.001, 0.5448660042155977,w
15, 1,  11, 10, 0.42561867266591674,w
896783, 2,  11, 0.001, 0.544263775971093,w
45234, 1,  1, 10, 0.4289805269186712,w
12, 1,  5, 10, 0.40205171444631815,w
896783, 2,  9, 0.001, 0.544263775971093,w
9, 2,  3, 0.001, 0.521795989537925,w
45234, 2,  7, 0.001, 0.5336483390607102,w
12, 1,  11, 10, 0.41863406408094433,w
9, 2,  7, 0.001, 0.521795989537925,w
896783, 2,  7, 0.1, 0.544263775971093,w
45234, 1,  13, 10, 0.434135166093929,w
45234, 1,  11, 10, 0.4365693012600229,w
15, 2,  5, 0.001, 0.5366985376827896,w
896783, 2,  5, 0.1, 0.5448660042155977,w
15, 2,  7, 0.001, 0.5369797525309337,w
896783, 2,  13, 0.001, 0.5448660042155977,w
9, 2,  5, 0.001, 0.521795989537925,w
9, 1,  15, 10, 0.3952339436210404,w
15, 1,  15, 10, 0.4187289088863892,w
896783, 2,  1, 0.1, 0.544263775971093,w
45234, 2,  5, 0.001, 0.5336483390607102,w
9, 2,  11, 0.001, 0.521795989537925,w
15, 1,  13, 10, 0.421259842519685,w
45234, 2,  15, 0.001, 0.5335051546391752,w
12, 2,  7, 0.001, 0.5448285553681844,w
15, 2,  9, 0.001, 0.5369797525309337,w
45234, 2,  9, 0.001, 0.5333619702176403,w
9, 2,  13, 0.001, 0.521795989537925,w
12, 2,  9, 0.001, 0.5453906689151209,w
9, 2,  9, 0.001, 0.521795989537925,w
12, 1,  13, 10, 0.4349353569421023,w
45234, 2,  3, 0.1, 0.5333619702176403,w
12, 1,  15, 10, 0.4274873524451939,w
15, 2,  3, 0.001, 0.5369797525309337,w
12, 2,  3, 0.001, 0.5448285553681844,w
896783, 2,  15, 0.1, 0.5448660042155977,w
12, 2,  1, 0.001, 0.5451096121416527,w
9, 2,  1, 0.001, 0.521795989537925,w
896783, 2,  11, 0.1, 0.544263775971093,w
15, 2,  1, 0.001, 0.5369797525309337,w
45234, 2,  1, 0.001, 0.5336483390607102,w
896783, 2,  3, 0.1, 0.5447154471544715,w
15, 2,  11, 0.001, 0.5366985376827896,w
12, 2,  5, 0.001, 0.5453906689151209,w
896783, 2,  9, 0.1, 0.5447154471544715,w
9, 2,  3, 0.1, 0.5212147631502471,w
9, 2,  7, 0.1, 0.521795989537925,w
45234, 2,  7, 0.1, 0.5336483390607102,w
896783, 2,  7, 0.5, 0.5445648900933454,w
12, 2,  11, 0.001, 0.5448285553681844,w
45234, 2,  13, 0.001, 0.5337915234822451,w
45234, 2,  11, 0.001, 0.5335051546391752,w
896783, 2,  5, 0.5, 0.5441132189099669,w
896783, 2,  13, 0.1, 0.544263775971093,w
15, 2,  7, 0.1, 0.5366985376827896,w
15, 2,  5, 0.1, 0.5366985376827896,w
9, 2,  5, 0.1, 0.522377215925603,w
9, 2,  15, 0.001, 0.521795989537925,w
896783, 2,  1, 0.5, 0.5573622402890696,w
45234, 2,  5, 0.1, 0.5342210767468499,w
15, 2,  15, 0.001, 0.5366985376827896,w
45234, 2,  15, 0.1, 0.5333619702176403,w
12, 2,  7, 0.1, 0.5451096121416527,w
9, 2,  11, 0.1, 0.522377215925603,w
15, 2,  9, 0.1, 0.5369797525309337,w
15, 2,  13, 0.001, 0.5366985376827896,w
12, 2,  15, 0.001, 0.5449690837549185,w
12, 2,  1, 0.1, 0.5449690837549185,w
9, 2,  1, 0.1, 0.5244115082824761,w
45234, 2,  9, 0.1, 0.5336483390607102,w
12, 2,  3, 0.1, 0.545531197301855,w
15, 2,  1, 0.1, 0.5358548931383577,w
12, 2,  9, 0.1, 0.545531197301855,w
45234, 2,  3, 0.5, 0.5315005727376861,w
9, 2,  9, 0.1, 0.522086602731764,w
9, 2,  13, 0.1, 0.522086602731764,w
15, 2,  11, 0.1, 0.5366985376827896,w
896783, 2,  9, 0.5, 0.5444143330322192,w
12, 2,  13, 0.001, 0.5449690837549185,w
15, 2,  3, 0.1, 0.5364173228346457,w
896783, 2,  15, 0.5, 0.5448660042155977,w
9, 2,  7, 0.5, 0.522958442313281,w
896783, 2,  11, 0.5, 0.544263775971093,w
45234, 2,  1, 0.1, 0.5346506300114547,w
896783, 2,  3, 0.5, 0.5462210177657332,w
45234, 2,  11, 0.1, 0.5336483390607102,w
12, 2,  5, 0.1, 0.545531197301855,w
9, 2,  3, 0.5, 0.5251380412670735,w
896783, 2,  13, 0.5, 0.5444143330322192,w
45234, 2,  7, 0.5, 0.5327892325315006,w
896783, 2,  7, 5, 0.5638361939174947,w
45234, 2,  5, 0.5, 0.5346506300114547,w
9, 2,  15, 0.1, 0.522086602731764,w
896783, 2,  5, 5, 0.5382414935260463,w
15, 2,  15, 0.1, 0.5369797525309337,w
12, 2,  11, 0.1, 0.5448285553681844,w
9, 2,  5, 0.5, 0.522377215925603,w
15, 2,  7, 0.5, 0.5364173228346457,w
15, 2,  5, 0.5, 0.5364173228346457,w
45234, 2,  15, 0.5, 0.5346506300114547,w
12, 2,  7, 0.5, 0.5446880269814502,w
15, 2,  9, 0.5, 0.5375421822272216,w
9, 2,  11, 0.5, 0.522958442313281,w
15, 2,  13, 0.1, 0.5366985376827896,w
12, 2,  15, 0.1, 0.5448285553681844,w
9, 2,  1, 0.5, 0.527027027027027,w
12, 2,  1, 0.5, 0.5507307476110175,w
12, 2,  3, 0.5, 0.5449690837549185,w
15, 2,  1, 0.5, 0.5355736782902137,w
45234, 2,  9, 0.5, 0.5333619702176403,w
15, 2,  11, 0.5, 0.5375421822272216,w
45234, 2,  3, 5, 0.5538373424971363,w
896783, 2,  9, 5, 0.5436615477265884,w
12, 2,  9, 0.5, 0.5460933108487914,w
9, 2,  13, 0.5, 0.522086602731764,w
9, 2,  9, 0.5, 0.5219412961348445,w
9, 2,  7, 5, 0.524702121476315,w
896783, 2,  15, 5, 0.5388437217705511,w
15, 2,  3, 0.5, 0.5369797525309337,w
12, 2,  13, 0.1, 0.5451096121416527,w
896783, 2,  11, 5, 0.5528455284552846,w
896783, 2,  13, 5, 0.5555555555555556,w
896783, 2,  3, 5, 0.5263474856970792,w
45234, 2,  11, 0.5, 0.5342210767468499,w
45234, 2,  1, 0.5, 0.5306414662084765,w
45234, 2,  5, 5, 0.5531214203894617,w
12, 2,  5, 0.5, 0.5439853850477796,w
9, 2,  3, 5, 0.5448997384481256,w
45234, 2,  7, 5, 0.5282073310423826,w
9, 2,  15, 0.5, 0.521505376344086,w
9, 2,  5, 5, 0.54359197907585,w
15, 2,  15, 0.5, 0.5374015748031497,w
45234, 2,  15, 5, 0.531930126002291,w
15, 2,  7, 5, 0.5421822272215973,w
15, 2,  5, 5, 0.5396512935883014,w
12, 2,  7, 5, 0.5448285553681844,w
12, 2,  11, 0.5, 0.5446880269814502,w
15, 2,  9, 5, 0.5487907761529809,w
9, 2,  11, 5, 0.5289160127869805,w
9, 2,  1, 5, 0.508137169427492,w
12, 2,  1, 5, 0.006042720629567172,w
15, 2,  13, 0.5, 0.5372609673790776,w
12, 2,  3, 5, 0.5473580663293985,w
15, 2,  1, 5, 0.2566085489313836,w
12, 2,  15, 0.5, 0.5456717256885891,w
15, 2,  11, 5, 0.5358548931383577,w
45234, 2,  9, 5, 0.5335051546391752,w
12, 2,  9, 5, 0.5505902192242833,w
9, 2,  13, 5, 0.515402499273467,w
9, 2,  9, 5, 0.5167102586457425,w
15, 2,  3, 5, 0.009983127109111362,w
896783, 2,  13, 10, 0.5465221318879856,w
896783, 2,  11, 10, 0.5374887082204155,w
12, 2,  13, 0.5, 0.5452501405283867,w
896783, 2,  3, 10, 0.5213791026799157,w
45234, 2,  11, 5, 0.5378006872852233,w
45234, 2,  1, 5, 0.5191867124856816,w
45234, 2,  5, 10, 0.5315005727376861,w
12, 2,  5, 5, 0.5522765598650927,w
9, 2,  3, 10, 0.513368206916594,w
45234, 2,  7, 10, 0.49828178694158076,w
9, 2,  15, 5, 0.5175820982272595,w
9, 2,  5, 10, 0.42574832897413545,w
15, 2,  15, 5, 0.5403543307086615,w
45234, 2,  15, 10, 0.5372279495990836,w
15, 2,  5, 10, 0.3494094488188976,w
15, 2,  7, 10, 0.5404949381327334,w
12, 2,  11, 5, 0.5449690837549185,w
896783, 3,  13, 0.001, 0.6186389641674195,w
12, 2,  7, 10, 0.5496065205171444,w
896783, 3,  3, 0.001, 0.6186389641674195,w
15, 2,  9, 10, 0.5255905511811023,w
45234, 3,  5, 0.001, 0.6145475372279496,w
45234, 3,  7, 0.001, 0.6154066437571593,w
9, 3,  3, 0.001, 0.6040395233943621,w
9, 2,  11, 10, 0.5135135135135135,w
9, 3,  5, 0.001, 0.6044754431851206,w
45234, 3,  15, 0.001, 0.6146907216494846,w
9, 2,  1, 10, 0.006393490264458007,w
15, 3,  5, 0.001, 0.6103768278965129,w
15, 3,  7, 0.001, 0.610236220472441,w
12, 2,  1, 10, 0.004496908375491849,w
12, 3,  7, 0.001, 0.6228218100056211,w
15, 2,  13, 5, 0.5355736782902137,w
15, 3,  9, 0.001, 0.6103768278965129,w
45234, 3,  7, 0.1, 0.6146907216494846,w
12, 2,  3, 10, 0.5428611579539067,w
45234, 3,  5, 0.1, 0.6145475372279496,w
15, 2,  1, 10, 0.32269403824521936,w
12, 2,  15, 5, 0.5517144463181562,w
9, 3,  3, 0.1, 0.6040395233943621,w
15, 2,  11, 10, 0.5389482564679415,w
45234, 2,  9, 10, 0.5393757159221076,w
9, 3,  1, 0.001, 0.6044754431851206,w
12, 2,  9, 10, 0.5421585160202361,w
9, 3,  5, 0.1, 0.6050566695727986,w
9, 2,  13, 10, 0.5079918628305725,w
15, 2,  3, 10, 0.028824521934758155,w
9, 3,  11, 0.001, 0.6041848299912816,w
45234, 3,  15, 0.1, 0.6154066437571593,w
9, 2,  9, 10, 0.06684103458297007,w
15, 3,  5, 0.1, 0.6100956130483689,w
12, 3,  7, 0.1, 0.622681281618887,w
15, 3,  7, 0.1, 0.6099550056242969,w
12, 2,  13, 5, 0.5424395727937044,w
12, 3,  1, 0.001, 0.6228218100056211,w
45234, 2,  11, 10, 0.5176116838487973,w
12, 2,  5, 10, 0.5396290050590219,w
15, 3,  1, 0.001, 0.6103768278965129,w
15, 3,  9, 0.1, 0.610236220472441,w
45234, 2,  1, 10, 0.5177548682703322,w
9, 3,  3, 0.5, 0.6095611740773031,w
12, 3,  3, 0.001, 0.6228218100056211,w
45234, 3,  9, 0.001, 0.6145475372279496,w
15, 3,  11, 0.001, 0.6099550056242969,w
9, 3,  5, 0.5, 0.6046207497820401,w
15, 3,  3, 0.001, 0.6099550056242969,w
9, 3,  13, 0.001, 0.6041848299912816,w
9, 3,  1, 0.1, 0.6065097355419936,w
12, 3,  9, 0.001, 0.622681281618887,w
15, 3,  5, 0.5, 0.609673790776153,w
9, 3,  9, 0.001, 0.6040395233943621,w
45234, 3,  15, 0.5, 0.6142611683848798,w
12, 3,  7, 0.5, 0.6268971332209107,w
9, 2,  15, 10, 0.5297878523684976,w
15, 3,  7, 0.5, 0.610236220472441,w
9, 3,  11, 0.1, 0.6040395233943621,w
15, 2,  15, 10, 0.5410573678290214,w
15, 3,  1, 0.1, 0.610658042744657,w
12, 2,  11, 10, 0.5394884766722878,w
12, 3,  1, 0.1, 0.6212759977515458,w
12, 3,  5, 0.001, 0.6228218100056211,w
15, 3,  9, 0.5, 0.6105174353205849,w
9, 3,  5, 5, 0.5851496657948271,w
45234, 3,  11, 0.001, 0.6145475372279496,w
45234, 3,  1, 0.001, 0.6145475372279496,w
12, 3,  9, 0.1, 0.6228218100056211,w
9, 3,  13, 0.1, 0.6049113629758791,w
15, 3,  3, 0.1, 0.609251968503937,w
12, 3,  3, 0.1, 0.6215570545250141,w
45234, 3,  9, 0.1, 0.6155498281786942,w
15, 3,  11, 0.1, 0.610236220472441,w
9, 3,  1, 0.5, 0.597646033129904,w
15, 3,  5, 5, 0.6503093363329584,w
9, 3,  9, 0.1, 0.6049113629758791,w
9, 3,  11, 0.5, 0.6050566695727986,w
45234, 3,  15, 5, 0.6244272623138603,w
12, 3,  7, 5, 0.6302698145025295,w
15, 3,  7, 5, 0.6212035995500562,w
9, 3,  15, 0.001, 0.6043301365882011,w
12, 3,  1, 0.5, 0.6207138842046094,w
15, 3,  15, 0.001, 0.610236220472441,w
15, 2,  13, 10, 0.5551181102362205,w
9, 3,  13, 0.5, 0.6040395233943621,w
12, 3,  11, 0.001, 0.622681281618887,w
15, 3,  1, 0.5, 0.6123453318335208,w
45234, 3,  11, 0.1, 0.6145475372279496,w
15, 3,  9, 5, 0.6053149606299213,w
12, 3,  9, 0.5, 0.6229623383923553,w
12, 3,  5, 0.1, 0.6228218100056211,w
9, 3,  11, 5, 0.6150828247602441,w
9, 3,  1, 5, 0.6217669282185411,w
45234, 3,  1, 0.1, 0.6144043528064147,w
15, 3,  3, 0.5, 0.609251968503937,w
9, 3,  9, 0.5, 0.6037489102005231,w
15, 3,  11, 0.5, 0.6110798650168728,w
12, 3,  7, 10, 0.6142495784148398,w
12, 3,  3, 0.5, 0.6236649803260259,w
45234, 3,  15, 10, 0.6176975945017182,w
45234, 3,  9, 0.5, 0.6162657502863689,w
12, 2,  15, 10, 0.5522765598650927,w
12, 3,  1, 5, 0.6103147835862844,w
15, 3,  1, 5, 0.5826771653543307,w
12, 3,  11, 0.1, 0.6228218100056211,w
9, 3,  15, 0.1, 0.6041848299912816,w
9, 3,  13, 5, 0.5996803254867771,w
15, 3,  15, 0.1, 0.610236220472441,w
12, 3,  9, 5, 0.6159359190556493,w
12, 3,  5, 0.5, 0.6268971332209107,w
45234, 3,  11, 0.5, 0.6144043528064147,w
15, 3,  9, 10, 0.6116422947131609,w
45234, 3,  1, 0.5, 0.6106815578465064,w
15, 3,  3, 5, 0.07733408323959505,w
45234, 4,  15, 0.001, 0.6842783505154639,w
15, 3,  13, 0.001, 0.6099550056242969,w
9, 3,  11, 10, 0.5889276373147341,w
9, 3,  9, 5, 0.6124673060156931,w
12, 2,  13, 10, 0.5508712759977515,w
9, 3,  1, 10, 0.3289741354257483,w
12, 3,  3, 5, 0.6236649803260259,w
15, 3,  1, 10, 0.5964566929133859,w
12, 3,  15, 0.001, 0.622681281618887,w
15, 4,  9, 0.001, 0.6740719910011248,w
15, 3,  11, 5, 0.6296400449943758,w
12, 3,  1, 10, 0.13350196739741427,w
15, 3,  15, 0.5, 0.610658042744657,w
9, 4,  11, 0.001, 0.6692821854112176,w
45234, 3,  9, 5, 0.6179839633447881,w
9, 4,  1, 0.001, 0.6694274920081371,w
12, 3,  5, 5, 0.6100337268128162,w
9, 3,  15, 0.5, 0.6050566695727986,w
15, 4,  9, 0.1, 0.6747750281214848,w
15, 3,  3, 10, 0.6023622047244095,w
12, 4,  1, 0.001, 0.6850758853288365,w
9, 3,  13, 10, 0.6085440278988666,w
12, 3,  13, 0.001, 0.6228218100056211,w
45234, 3,  11, 5, 0.63631156930126,w
15, 4,  1, 0.001, 0.6744938132733408,w
9, 4,  1, 0.1, 0.6671025864574252,w
45234, 3,  1, 5, 0.5751718213058419,w
12, 3,  11, 0.5, 0.6242270938729624,w
12, 3,  3, 10, 0.05761663856098932,w
15, 3,  13, 0.1, 0.6103768278965129,w
12, 3,  9, 10, 0.6219786396852164,w
9, 4,  11, 0.1, 0.6692821854112176,w
9, 3,  9, 10, 0.5954664341761116,w
15, 4,  3, 0.001, 0.6746344206974129,w
15, 3,  11, 10, 0.6122047244094488,w
15, 3,  15, 5, 0.6147356580427447,w
9, 4,  13, 0.001, 0.6687009590235397,w
12, 4,  1, 0.1, 0.6859190556492412,w
9, 4,  1, 0.5, 0.6970357454228422,w
12, 4,  3, 0.001, 0.6850758853288365,w
12, 3,  15, 0.1, 0.6225407532321529,w
15, 4,  1, 0.1, 0.6730877390326209,w
15, 4,  3, 0.1, 0.6756186726659168,w
12, 4,  9, 0.001, 0.6852164137155705,w
12, 3,  5, 10, 0.13715570545250141,w
15, 4,  11, 0.001, 0.6747750281214848,w
45234, 3,  9, 10, 0.6082474226804123,w
9, 3,  15, 5, 0.6044754431851206,w
45234, 3,  11, 10, 0.6192726231386025,w
9, 4,  11, 0.5, 0.6675385062481837,w
12, 3,  13, 0.1, 0.6233839235525576,w
9, 4,  9, 0.001, 0.6689915722173787,w
9, 4,  13, 0.1, 0.6687009590235397,w
12, 4,  3, 0.1, 0.6842327150084317,w
12, 4,  1, 0.5, 0.6847948285553682,w
12, 3,  11, 5, 0.630831928049466,w
15, 3,  13, 0.5, 0.610658042744657,w
15, 4,  3, 0.5, 0.6687289088863893,w
12, 4,  9, 0.1, 0.6852164137155705,w
45234, 4,  9, 0.001, 0.6839919816723941,w
15, 4,  1, 0.5, 0.6701349831271091,w
15, 4,  11, 0.1, 0.6749156355455568,w
45234, 4,  11, 0.001, 0.6842783505154639,w
45234, 3,  1, 10, 0.5711626575028637,w
15, 3,  15, 10, 0.6062992125984252,w
9, 4,  11, 5, 0.6964545190351642,w
9, 4,  13, 0.5, 0.6694274920081371,w
12, 4,  1, 5, 0.653035413153457,w
12, 4,  5, 0.001, 0.6850758853288365,w
9, 4,  9, 0.1, 0.6692821854112176,w
45234, 4,  9, 0.1, 0.6842783505154639,w
12, 3,  15, 0.5, 0.6222596964586846,w
12, 4,  3, 0.5, 0.6836706014614953,w
15, 4,  11, 0.5, 0.6751968503937008,w
12, 4,  9, 0.5, 0.6847948285553682,w
45234, 4,  1, 0.001, 0.684135166093929,w
45234, 4,  11, 0.1, 0.684135166093929,w
15, 4,  3, 5, 0.6511529808773904,w
15, 4,  1, 5, 0.6639482564679415,w
15, 4,  15, 0.001, 0.6740719910011248,w
9, 4,  13, 5, 0.6689915722173787,w
12, 4,  1, 10, 0.1205733558178752,w
12, 4,  5, 0.1, 0.6845137717819,w
12, 3,  11, 10, 0.6242270938729624,w
9, 4,  9, 0.5, 0.6688462656204591,w
9, 3,  15, 10, 0.5954664341761116,w
45234, 4,  9, 0.5, 0.6838487972508591,w
12, 3,  13, 0.5, 0.6236649803260259,w
45234, 4,  11, 0.5, 0.6844215349369989,w
12, 4,  3, 5, 0.6254918493535694,w
45234, 4,  1, 0.1, 0.6845647193585338,w
15, 4,  3, 10, 0.6609955005624297,w
15, 4,  11, 5, 0.6677446569178853,w
15, 4,  1, 10, 0.6417322834645669,w
12, 4,  9, 5, 0.681000562113547,w
15, 3,  13, 5, 0.608970753655793,w
15, 4,  15, 0.1, 0.6743532058492688,w
9, 4,  13, 10, 0.6707352513804127,w
12, 4,  5, 0.5, 0.6840921866216976,w
15, 5,  1, 0.001, 0.7290494938132733,w
12, 4,  11, 0.001, 0.6847948285553682,w
15, 5,  3, 0.001, 0.7284870641169854,w
45234, 4,  11, 5, 0.6968785796105383,w
9, 4,  15, 0.001, 0.6688462656204591,w
12, 4,  3, 10, 0.698566610455312,w
45234, 4,  1, 0.5, 0.6832760595647194,w
9, 5,  13, 0.001, 0.7246439988375473,w
45234, 4,  9, 5, 0.6857101947308133,w
9, 4,  9, 5, 0.6775646614356292,w
12, 3,  15, 5, 0.6194491287240023,w
15, 4,  11, 10, 0.6535433070866141,w
12, 4,  9, 10, 0.6839516582349635,w
15, 4,  15, 0.5, 0.6751968503937008,w
15, 5,  3, 0.1, 0.7290494938132733,w
12, 5,  3, 0.001, 0.7366498032602585,w
9, 5,  13, 0.1, 0.7242080790467887,w
12, 4,  5, 5, 0.6797358066329399,w
12, 4,  11, 0.1, 0.6847948285553682,w
15, 5,  11, 0.001, 0.7287682789651294,w
12, 5,  9, 0.001, 0.7366498032602585,w
45234, 4,  11, 10, 0.6619415807560137,w
9, 4,  15, 0.1, 0.6687009590235397,w
45234, 4,  1, 5, 0.6965922107674685,w
45234, 4,  9, 10, 0.6748281786941581,w
9, 4,  9, 10, 0.6509735541993606,w
15, 5,  3, 0.5, 0.7256749156355455,w
12, 3,  13, 5, 0.6212759977515458,w
12, 5,  3, 0.1, 0.7352445193929174,w
9, 5,  13, 0.5, 0.7247893054344667,w
15, 4,  15, 5, 0.6778683914510686,w
15, 5,  11, 0.1, 0.7290494938132733,w
12, 5,  9, 0.1, 0.7363687464867903,w
45234, 5,  11, 0.001, 0.7368270332187858,w
15, 3,  13, 10, 0.5968785151856018,w
45234, 5,  9, 0.001, 0.7371134020618557,w
9, 5,  9, 0.001, 0.7247893054344667,w
12, 4,  5, 10, 0.6783305227655987,w
12, 5,  3, 0.5, 0.7328555368184373,w
9, 5,  13, 5, 0.7221737866899157,w
12, 4,  11, 0.5, 0.6839516582349635,w
9, 4,  15, 0.5, 0.6698634117988956,w
45234, 4,  1, 10, 0.663516609392898,w
15, 5,  11, 0.5, 0.7303149606299213,w
12, 5,  9, 0.5, 0.7360876897133221,w
45234, 5,  11, 0.1, 0.7372565864833907,w
45234, 5,  9, 0.1, 0.7372565864833907,w
12, 5,  5, 0.001, 0.735947161326588,w
15, 4,  15, 10, 0.639341957255343,w
9, 5,  9, 0.1, 0.7244986922406277,w
12, 3,  15, 10, 0.4991568296795953,w
12, 5,  3, 5, 0.7601180438448567,w
9, 5,  13, 10, 0.7166521360069747,w
15, 5,  11, 5, 0.7329865016872891,w
45234, 5,  1, 0.001, 0.7368270332187858,w
12, 5,  9, 5, 0.7303260258572232,w
15, 4,  13, 0.001, 0.6747750281214848,w
45234, 5,  11, 0.5, 0.7368270332187858,w
45234, 5,  9, 0.5, 0.736397479954181,w
12, 4,  11, 5, 0.6805789769533446,w
15, 5,  15, 0.001, 0.7284870641169854,w
12, 5,  5, 0.1, 0.7365092748735245,w
9, 5,  9, 0.5, 0.7244986922406277,w
9, 4,  15, 5, 0.6627433885498402,w
12, 5,  3, 10, 0.693929173693086,w
45234, 5,  1, 0.1, 0.7376861397479955,w
15, 5,  11, 10, 0.7315804274465691,w
12, 5,  9, 10, 0.7134626194491287,w
45234, 5,  11, 5, 0.7282359679266895,w
45234, 5,  9, 5, 0.7555841924398625,w
12, 62,  3, 0.001, 0.811973018549747,w
12, 4,  15, 0.001, 0.6852164137155705,w
12, 3,  13, 10, 0.6323777403035413,w
12, 5,  5, 0.5, 0.7331365935919055,w
15, 5,  15, 0.1, 0.7284870641169854,w
9, 5,  9, 5, 0.7288578901482128,w
15, 62,  11, 0.001, 0.8059617547806525,w
12, 62,  9, 0.001, 0.8116919617762788,w
15, 4,  13, 0.1, 0.6747750281214848,w
12, 62,  3, 0.1, 0.8132377740303541,w
45234, 5,  1, 0.5, 0.7336769759450171,w
12, 4,  11, 10, 0.6773468240584598,w
45234, 5,  11, 10, 0.7235108820160366,w
45234, 5,  9, 10, 0.7385452462772051,w
12, 62,  9, 0.1, 0.8115514333895447,w
9, 4,  15, 10, 0.6628886951467596,w
15, 5,  15, 0.5, 0.7290494938132733,w
12, 5,  5, 5, 0.7706576728499157,w
9, 5,  9, 10, 0.22885789014821273,w
12, 62,  3, 0.5, 0.8094435075885329,w
45234, 62,  11, 0.001, 0.8115693012600229,w
12, 62,  9, 0.5, 0.8126756604834177,w
45234, 62,  9, 0.001, 0.811426116838488,w
45234, 5,  1, 5, 0.7703321878579611,w
12, 4,  15, 0.1, 0.6847948285553682,w
12, 5,  11, 0.001, 0.7366498032602585,w
12, 62,  3, 5, 0.6280213603147836,w
9, 58,  9, 0.001, 0.7978785236849752,w
12, 4,  13, 0.001, 0.6852164137155705,w
9, 5,  15, 0.001, 0.7242080790467887,w
45234, 62,  11, 0.1, 0.8111397479954181,w
12, 62,  9, 5, 0.8163293985385047,w
15, 5,  15, 5, 0.7253937007874016,w
45234, 62,  9, 0.1, 0.8109965635738832,w
15, 4,  13, 0.5, 0.6746344206974129,w
12, 5,  5, 10, 0.7397414277684092,w
12, 62,  3, 10, 0.7306070826306914,w
9, 58,  9, 0.1, 0.7977332170880558,w
45234, 5,  1, 10, 0.7132016036655212,w
12, 62,  9, 10, 0.7883642495784149,w
45234, 62,  11, 0.5, 0.811282932416953,w
45234, 62,  9, 0.5, 0.8111397479954181,w
12, 5,  11, 0.1, 0.7369308600337268,w
12, 62,  5, 0.001, 0.8116919617762788,w
9, 5,  15, 0.1, 0.7243533856437082,w
9, 58,  9, 0.5, 0.7968613775065388,w
15, 5,  15, 10, 0.7221597300337458,w
45234, 62,  1, 0.001, 0.8117124856815578,w
45234, 62,  11, 5, 0.8197308132875143,w
45234, 62,  9, 5, 0.8058419243986255,w
12, 4,  15, 0.5, 0.6856379988757729,w
12, 62,  5, 0.1, 0.8123946037099494,w
12, 4,  13, 0.1, 0.6847948285553682,w
9, 58,  9, 5, 0.7977332170880558,w
15, 62,  15, 0.001, 0.8061023622047244,w
45234, 62,  1, 0.1, 0.8118556701030928,w
12, 5,  11, 0.5, 0.7352445193929174,w
15, 4,  13, 5, 0.6595894263217098,w
45234, 62,  11, 10, 0.7965349369988545,w
45234, 62,  9, 10, 0.8052691867124857,w
9, 5,  15, 0.5, 0.7256611450159838,w
12, 62,  5, 0.5, 0.8128161888701517,w
9, 58,  9, 10, 0.7933740191804708,w
15, 62,  15, 0.1, 0.8056805399325084,w
45234, 62,  1, 0.5, 0.8075601374570447,w
12, 62,  5, 5, 0.8094435075885329,w
12, 5,  11, 5, 0.7325744800449691,w
15, 62,  15, 0.5, 0.8061023622047244,w
9, 5,  15, 5, 0.7224643998837548,w
12, 4,  15, 5, 0.6769252388982574,w
45234, 62,  1, 5, 0.7932416953035509,w
12, 4,  13, 0.5, 0.6840921866216976,w
12, 62,  5, 10, 0.712619449128724,w
15, 62,  15, 5, 0.8046962879640045,w
15, 4,  13, 10, 0.6657761529808774,w
45234, 62,  1, 10, 0.5700171821305842,w
12, 5,  11, 10, 0.7688308038223721,w
9, 5,  15, 10, 0.7194129613484452,w
15, 62,  15, 10, 0.8037120359955006,w
12, 62,  11, 0.001, 0.811832490163013,w
9, 58,  15, 0.001, 0.7980238302818948,w
15, 5,  13, 0.001, 0.7287682789651294,w
12, 4,  15, 10, 0.7210511523327712,w
12, 4,  13, 5, 0.6873243395165823,w
12, 62,  11, 0.1, 0.8116919617762788,w
9, 58,  15, 0.1, 0.7977332170880558,w
15, 5,  13, 0.1, 0.7287682789651294,w
12, 5,  15, 0.001, 0.7366498032602585,w
12, 62,  11, 0.5, 0.8116919617762788,w
9, 58,  15, 0.5, 0.7977332170880558,w
9, 58,  15, 5, 0.7996222028480093,w
12, 62,  11, 5, 0.8140809443507588,w
12, 5,  15, 0.1, 0.7363687464867903,w
15, 5,  13, 0.5, 0.7284870641169854,w
12, 4,  13, 10, 0.681141090500281,w
9, 58,  15, 10, 0.8113920371984888,w
12, 62,  11, 10, 0.7227374929735807,w
12, 5,  15, 0.5, 0.7369308600337268,w
15, 5,  13, 5, 0.7227221597300337,w
12, 5,  13, 0.001, 0.7366498032602585,w
12, 5,  15, 5, 0.732433951658235,w
15, 5,  13, 10, 0.7068335208098988,w
12, 5,  13, 0.1, 0.7360876897133221,w
15, 62,  13, 0.001, 0.8061023622047244,w
12, 5,  15, 10, 0.731309724564362,w
12, 5,  13, 0.5, 0.7369308600337268,w
15, 62,  13, 0.1, 0.8059617547806525,w
12, 62,  15, 0.001, 0.811973018549747,w
15, 62,  13, 0.5, 0.8061023622047244,w
12, 5,  13, 5, 0.7487352445193929,w
12, 62,  15, 0.1, 0.8115514333895447,w
15, 62,  13, 5, 0.8028683914510686,w
12, 62,  15, 0.5, 0.8136593591905565,w
12, 5,  13, 10, 0.7192242833052277,w
15, 62,  13, 10, 0.8056805399325084,w
12, 62,  15, 5, 0.8171725688589095,w
12, 62,  13, 0.001, 0.811973018549747,w
12, 62,  15, 10, 0.8146430578976953,w
12, 62,  13, 0.1, 0.8116919617762788,w
12, 62,  13, 0.5, 0.811973018549747,w
12, 62,  13, 5, 0.8090219224283305,w
12, 62,  13, 10, 0.8139404159640248,w
896783, 1,  9, 0.001, 0.42216199939777177,w/o
45234, 1,  7, 0.001, 0.43442153493699887,w/o
9, 1,  11, 0.001, 0.4106364428945074,w/o
12, 1,  3, 0.001, 0.43324901630129287,w/o
45234, 1,  13, 0.001, 0.43442153493699887,w/o
15, 1,  13, 0.001, 0.421822272215973,w/o
15, 1,  15, 0.001, 0.421822272215973,w/o
9, 1,  3, 0.001, 0.4106364428945074,w/o
15, 1,  5, 0.001, 0.421822272215973,w/o
12, 1,  7, 0.001, 0.43324901630129287,w/o
9, 1,  1, 0.001, 0.4106364428945074,w/o
896783, 1,  3, 0.001, 0.42216199939777177,w/o
45234, 1,  3, 0.001, 0.43442153493699887,w/o
9, 1,  5, 0.001, 0.4106364428945074,w/o
896783, 1,  13, 0.001, 0.42216199939777177,w/o
896783, 1,  7, 0.001, 0.42216199939777177,w/o
45234, 1,  1, 0.001, 0.43442153493699887,w/o
12, 1,  1, 0.001, 0.43324901630129287,w/o
15, 1,  7, 0.001, 0.421822272215973,w/o
12, 1,  11, 0.001, 0.43324901630129287,w/o
896783, 1,  5, 0.001, 0.42216199939777177,w/o
9, 1,  7, 0.001, 0.4106364428945074,w/o
896783, 1,  11, 0.001, 0.42216199939777177,w/o
45234, 1,  5, 0.001, 0.43442153493699887,w/o
896783, 1,  1, 0.001, 0.42216199939777177,w/o
12, 1,  9, 0.001, 0.43324901630129287,w/o
12, 1,  13, 0.001, 0.43324901630129287,w/o
9, 1,  9, 0.001, 0.4106364428945074,w/o
45234, 1,  9, 0.001, 0.43442153493699887,w/o
12, 1,  15, 0.001, 0.43324901630129287,w/o
45234, 1,  11, 0.001, 0.43442153493699887,w/o
12, 1,  5, 0.001, 0.43324901630129287,w/o
15, 1,  9, 0.001, 0.421822272215973,w/o
15, 1,  1, 0.001, 0.421822272215973,w/o
15, 1,  3, 0.001, 0.421822272215973,w/o
896783, 1,  15, 0.001, 0.42216199939777177,w/o
9, 1,  15, 0.001, 0.4106364428945074,w/o
45234, 1,  15, 0.001, 0.43442153493699887,w/o
9, 1,  13, 0.001, 0.4106364428945074,w/o
15, 1,  11, 0.001, 0.421822272215973,w/o
896783, 1,  9, 0.1, 0.42216199939777177,w/o
45234, 1,  13, 0.1, 0.43442153493699887,w/o
15, 1,  13, 0.1, 0.421822272215973,w/o
12, 1,  3, 0.1, 0.43296795952782463,w/o
12, 1,  7, 0.1, 0.43324901630129287,w/o
45234, 1,  7, 0.1, 0.43442153493699887,w/o
896783, 1,  3, 0.1, 0.42216199939777177,w/o
9, 1,  1, 0.1, 0.4154315605928509,w/o
9, 1,  5, 0.1, 0.4116535890729439,w/o
9, 1,  3, 0.1, 0.40889276373147343,w/o
15, 1,  15, 0.1, 0.421822272215973,w/o
45234, 1,  1, 0.1, 0.43556701030927836,w/o
15, 1,  5, 0.1, 0.421822272215973,w/o
9, 1,  11, 0.1, 0.4106364428945074,w/o
45234, 1,  3, 0.1, 0.4345647193585338,w/o
15, 1,  13, 0.5, 0.42154105736782904,w/o
12, 1,  11, 0.1, 0.43324901630129287,w/o
896783, 1,  9, 0.5, 0.4224631135200241,w/o
45234, 1,  5, 0.1, 0.4345647193585338,w/o
45234, 1,  15, 0.1, 0.4354238258877434,w/o
896783, 1,  13, 0.1, 0.42216199939777177,w/o
12, 1,  1, 0.1, 0.43240584598088816,w/o
896783, 1,  7, 0.1, 0.4212586570310147,w/o
896783, 1,  11, 0.1, 0.42216199939777177,w/o
45234, 1,  13, 0.5, 0.43442153493699887,w/o
15, 1,  1, 0.1, 0.4229471316085489,w/o
15, 1,  7, 0.1, 0.421822272215973,w/o
9, 1,  13, 0.1, 0.4106364428945074,w/o
896783, 1,  15, 0.1, 0.42216199939777177,w/o
896783, 1,  5, 0.1, 0.42216199939777177,w/o
9, 1,  7, 0.1, 0.4106364428945074,w/o
12, 1,  15, 0.1, 0.43324901630129287,w/o
12, 1,  9, 0.1, 0.43324901630129287,w/o
896783, 1,  1, 0.1, 0.4212586570310147,w/o
9, 1,  9, 0.1, 0.4106364428945074,w/o
12, 1,  5, 0.1, 0.43395165823496346,w/o
45234, 1,  9, 0.1, 0.4354238258877434,w/o
15, 1,  9, 0.1, 0.421822272215973,w/o
15, 1,  3, 0.1, 0.421822272215973,w/o
45234, 1,  11, 0.1, 0.43442153493699887,w/o
12, 1,  13, 0.1, 0.43324901630129287,w/o
15, 1,  11, 0.1, 0.421822272215973,w/o
9, 1,  15, 0.1, 0.4106364428945074,w/o
9, 1,  5, 0.5, 0.4116535890729439,w/o
9, 1,  3, 0.5, 0.4154315605928509,w/o
896783, 1,  3, 0.5, 0.4215597711532671,w/o
15, 1,  5, 0.5, 0.422244094488189,w/o
45234, 1,  7, 0.5, 0.43399198167239406,w/o
12, 1,  3, 0.5, 0.43296795952782463,w/o
12, 1,  7, 0.5, 0.4342327150084317,w/o
45234, 1,  1, 0.5, 0.43442153493699887,w/o
9, 1,  1, 0.5, 0.42342342342342343,w/o
15, 1,  13, 5, 0.42154105736782904,w/o
896783, 1,  11, 0.5, 0.4212586570310147,w/o
9, 1,  11, 0.5, 0.41238012205754143,w/o
12, 1,  11, 0.5, 0.433389544688027,w/o
45234, 1,  5, 0.5, 0.43399198167239406,w/o
15, 1,  15, 0.5, 0.421822272215973,w/o
45234, 1,  3, 0.5, 0.4354238258877434,w/o
45234, 1,  15, 0.5, 0.4345647193585338,w/o
896783, 1,  5, 0.5, 0.4224631135200241,w/o
896783, 1,  9, 5, 0.4235170129479073,w/o
896783, 1,  7, 0.5, 0.4232158988256549,w/o
15, 1,  1, 0.5, 0.41169853768278963,w/o
45234, 1,  9, 0.5, 0.43556701030927836,w/o
896783, 1,  13, 0.5, 0.42216199939777177,w/o
12, 1,  1, 0.5, 0.44210230466554246,w/o
9, 1,  13, 0.5, 0.4132519616390584,w/o
12, 1,  13, 0.5, 0.4335300730747611,w/o
45234, 1,  11, 0.5, 0.434135166093929,w/o
9, 1,  5, 5, 0.4084568439407149,w/o
896783, 1,  15, 0.5, 0.42216199939777177,w/o
15, 1,  3, 0.5, 0.421681664791901,w/o
45234, 1,  13, 5, 0.43714203894616266,w/o
15, 1,  7, 0.5, 0.421822272215973,w/o
12, 1,  15, 0.5, 0.43296795952782463,w/o
9, 1,  7, 0.5, 0.4078756175530369,w/o
12, 1,  9, 0.5, 0.433389544688027,w/o
896783, 1,  1, 0.5, 0.4046973803071364,w/o
12, 1,  5, 0.5, 0.43395165823496346,w/o
9, 1,  9, 0.5, 0.4129613484452194,w/o
15, 1,  5, 5, 0.42435320584926883,w/o
15, 1,  9, 0.5, 0.422244094488189,w/o
9, 1,  15, 0.5, 0.4106364428945074,w/o
15, 1,  11, 0.5, 0.421822272215973,w/o
9, 1,  3, 5, 0.4235687300203429,w/o
896783, 1,  3, 5, 0.42667871123155676,w/o
45234, 1,  5, 5, 0.41652348224513175,w/o
12, 1,  11, 5, 0.4336706014614952,w/o
45234, 1,  3, 5, 0.41537800687285226,w/o
45234, 1,  7, 5, 0.43585337915234823,w/o
12, 1,  3, 5, 0.4300168634064081,w/o
896783, 1,  7, 5, 0.17901234567901234,w/o
896783, 1,  11, 5, 0.4241192411924119,w/o
896783, 1,  5, 5, 0.40906353507979526,w/o
896783, 1,  9, 10, 0.42110809996988857,w/o
45234, 1,  1, 5, 0.003436426116838488,w/o
12, 1,  7, 5, 0.44350758853288363,w/o
9, 1,  1, 5, 0.0027608253414705027,w/o
15, 1,  15, 5, 0.4237907761529809,w/o
9, 1,  11, 5, 0.3982853821563499,w/o
15, 1,  1, 5, 0.41437007874015747,w/o
45234, 1,  15, 5, 0.4372852233676976,w/o
15, 1,  13, 10, 0.41690101237345334,w/o
896783, 2,  9, 0.001, 0.5365853658536586,w/o
15, 2,  13, 0.001, 0.5251687289088864,w/o
45234, 1,  9, 5, 0.4309851088201604,w/o
896783, 1,  13, 5, 0.4247214694369166,w/o
12, 1,  1, 5, 0.04426644182124789,w/o
45234, 1,  11, 5, 0.42912371134020616,w/o
896783, 2,  9, 0.1, 0.5365853658536586,w/o
9, 1,  13, 5, 0.3918918918918919,w/o
896783, 1,  15, 5, 0.42216199939777177,w/o
9, 1,  5, 10, 0.4016274338854984,w/o
15, 1,  3, 5, 0.0,w/o
9, 1,  7, 5, 0.4083115373437954,w/o
15, 2,  13, 0.1, 0.5251687289088864,w/o
12, 1,  13, 5, 0.4280494659921304,w/o
9, 1,  11, 10, 0.3870967741935484,w/o
45234, 1,  13, 10, 0.4354238258877434,w/o
15, 1,  7, 5, 0.4246344206974128,w/o
9, 2,  11, 0.001, 0.5184539378087765,w/o
12, 1,  15, 5, 0.4273468240584598,w/o
896783, 2,  9, 0.5, 0.5364348087925324,w/o
12, 1,  9, 5, 0.4416807195053401,w/o
9, 2,  5, 0.001, 0.518308631211857,w/o
9, 2,  11, 0.1, 0.5180180180180181,w/o
12, 1,  5, 5, 0.44280494659921305,w/o
896783, 1,  1, 5, 0.40213791026799156,w/o
9, 1,  9, 5, 0.42037198488811395,w/o
9, 2,  11, 0.5, 0.519180470793374,w/o
15, 2,  13, 0.5, 0.5251687289088864,w/o
9, 1,  1, 10, 0.38927637314734087,w/o
45234, 2,  13, 0.001, 0.520618556701031,w/o
15, 1,  5, 10, 0.41774465691788526,w/o
9, 1,  15, 5, 0.4176111595466434,w/o
45234, 1,  7, 10, 0.41967353951890035,w/o
15, 1,  9, 5, 0.421681664791901,w/o
9, 2,  11, 5, 0.5286253995931415,w/o
9, 1,  3, 10, 0.30528916012786983,w/o
896783, 2,  9, 5, 0.5382414935260463,w/o
12, 1,  3, 10, 0.002529510961214165,w/o
9, 2,  5, 0.1, 0.5180180180180181,w/o
9, 2,  1, 0.001, 0.5190351641964546,w/o
896783, 1,  3, 10, 0.4218608852755194,w/o
15, 1,  11, 5, 0.421681664791901,w/o
45234, 1,  3, 10, 0.29581901489117984,w/o
15, 2,  13, 5, 0.5300899887514061,w/o
12, 1,  7, 10, 0.43591905564924116,w/o
9, 2,  11, 10, 0.21142109851787272,w/o
45234, 1,  5, 10, 0.0,w/o
45234, 2,  13, 0.1, 0.520618556701031,w/o
15, 2,  5, 0.001, 0.5248875140607424,w/o
896783, 1,  5, 10, 0.4349593495934959,w/o
45234, 2,  7, 0.001, 0.520618556701031,w/o
9, 3,  11, 0.001, 0.5714908456843941,w/o
9, 2,  3, 0.001, 0.518308631211857,w/o
45234, 1,  1, 10, 0.007731958762886598,w/o
896783, 2,  9, 10, 0.5362842517314061,w/o
9, 2,  1, 0.1, 0.515983725661145,w/o
12, 2,  3, 0.001, 0.5401911186059584,w/o
896783, 1,  7, 10, 0.4006323396567299,w/o
896783, 2,  3, 0.001, 0.5367359229147847,w/o
12, 1,  11, 10, 0.008150646430578976,w/o
9, 3,  11, 0.1, 0.5717814588782331,w/o
9, 2,  5, 0.5, 0.5170008718395815,w/o
896783, 3,  9, 0.001, 0.583107497741644,w/o
45234, 2,  3, 0.001, 0.520618556701031,w/o
9, 3,  11, 0.5, 0.5714908456843941,w/o
12, 2,  7, 0.001, 0.5401911186059584,w/o
896783, 1,  11, 10, 0.31150255947003913,w/o
9, 1,  13, 10, 0.0970648067422261,w/o
15, 2,  13, 10, 0.5232002249718786,w/o
896783, 2,  5, 0.001, 0.5365853658536586,w/o
45234, 2,  5, 0.001, 0.5210481099656358,w/o
896783, 3,  9, 0.1, 0.582956940680518,w/o
9, 3,  11, 5, 0.5668410345829701,w/o
15, 2,  5, 0.1, 0.5248875140607424,w/o
45234, 2,  13, 0.5, 0.5211912943871707,w/o
45234, 2,  7, 0.1, 0.5211912943871707,w/o
15, 1,  15, 10, 0.4229471316085489,w/o
45234, 1,  15, 10, 0.4349942726231386,w/o
45234, 2,  1, 0.001, 0.520618556701031,w/o
9, 2,  3, 0.1, 0.5178727114210985,w/o
15, 3,  13, 0.001, 0.5791619797525309,w/o
15, 1,  1, 10, 0.03852643419572553,w/o
9, 2,  1, 0.5, 0.515693112467306,w/o
896783, 2,  3, 0.1, 0.5365853658536586,w/o
896783, 3,  9, 0.5, 0.582956940680518,w/o
9, 3,  11, 10, 0.5802092414995641,w/o
896783, 2,  7, 0.001, 0.5367359229147847,w/o
12, 2,  3, 0.1, 0.5396290050590219,w/o
12, 2,  11, 0.001, 0.5401911186059584,w/o
9, 4,  11, 0.001, 0.5941586748038361,w/o
9, 2,  5, 5, 0.5419936065097355,w/o
15, 3,  13, 0.1, 0.5791619797525309,w/o
45234, 1,  11, 10, 0.4256872852233677,w/o
9, 4,  11, 0.1, 0.5941586748038361,w/o
896783, 1,  13, 10, 0.41523637458596807,w/o
45234, 2,  3, 0.1, 0.5210481099656358,w/o
896783, 3,  9, 5, 0.5778380006022282,w/o
12, 2,  7, 0.1, 0.5401911186059584,w/o
9, 4,  11, 0.5, 0.594449287997675,w/o
12, 1,  1, 10, 0.0,w/o
896783, 2,  11, 0.001, 0.5367359229147847,w/o
896783, 2,  5, 0.1, 0.5367359229147847,w/o
9, 2,  13, 0.001, 0.5184539378087765,w/o
15, 3,  13, 0.5, 0.5797244094488189,w/o
9, 4,  11, 5, 0.5993897122929381,w/o
45234, 2,  13, 5, 0.5197594501718213,w/o
896783, 3,  9, 10, 0.5840108401084011,w/o
45234, 2,  5, 0.1, 0.5210481099656358,w/o
45234, 2,  7, 0.5, 0.5214776632302406,w/o
9, 4,  11, 10, 0.6227840743969776,w/o
9, 2,  3, 0.5, 0.5204882301656495,w/o
15, 2,  5, 0.5, 0.5264341957255343,w/o
15, 2,  1, 0.001, 0.5248875140607424,w/o
15, 3,  13, 5, 0.5828177727784027,w/o
45234, 2,  15, 0.001, 0.520618556701031,w/o
45234, 2,  1, 0.1, 0.5211912943871707,w/o
45234, 1,  9, 10, 0.42010309278350516,w/o
896783, 2,  7, 0.1, 0.5367359229147847,w/o
9, 5,  11, 0.001, 0.6271432723045627,w/o
896783, 4,  9, 0.001, 0.59936766034327,w/o
896783, 2,  3, 0.5, 0.5364348087925324,w/o
15, 2,  15, 0.001, 0.5251687289088864,w/o
9, 2,  1, 5, 0.5065387968613775,w/o
9, 5,  11, 0.1, 0.6269979657076431,w/o
9, 2,  5, 10, 0.4984016274338855,w/o
896783, 4,  9, 0.1, 0.5989159891598916,w/o
9, 5,  11, 0.5, 0.6303400174367916,w/o
15, 3,  13, 10, 0.5750843644544432,w/o
12, 2,  3, 0.5, 0.5422990444069702,w/o
45234, 2,  3, 0.5, 0.5210481099656358,w/o
12, 2,  11, 0.1, 0.5401911186059584,w/o
9, 5,  11, 5, 0.6207497820401047,w/o
896783, 4,  9, 0.5, 0.5977115326708823,w/o
45234, 2,  11, 0.001, 0.5210481099656358,w/o
15, 4,  13, 0.001, 0.6016591676040495,w/o
896783, 2,  13, 0.001, 0.5367359229147847,w/o
9, 3,  5, 0.001, 0.5716361522813136,w/o
9, 1,  9, 10, 0.4170299331589654,w/o
896783, 4,  9, 5, 0.6111111111111112,w/o
15, 4,  13, 0.1, 0.6013779527559056,w/o
12, 2,  1, 0.001, 0.5401911186059584,w/o
12, 2,  7, 0.5, 0.5415964024732997,w/o
15, 4,  13, 0.5, 0.6022215973003374,w/o
896783, 4,  9, 10, 0.41629027401385127,w/o
896783, 1,  15, 10, 0.4132791327913279,w/o
45234, 2,  13, 10, 0.5186139747995419,w/o
896783, 2,  5, 0.5, 0.5362842517314061,w/o
9, 3,  5, 0.1, 0.5714908456843941,w/o
896783, 2,  11, 0.1, 0.5367359229147847,w/o
896783, 5,  9, 0.001, 0.6332429990966576,w/o
15, 1,  7, 10, 0.4201349831271091,w/o
9, 2,  3, 5, 0.503777971519907,w/o
15, 4,  13, 5, 0.6015185601799775,w/o
9, 1,  7, 10, 0.3981400755594304,w/o
9, 2,  13, 0.1, 0.5181633246149375,w/o
896783, 2,  7, 0.5, 0.5365853658536586,w/o
15, 1,  3, 10, 0.41268278965129357,w/o
45234, 2,  9, 0.001, 0.5210481099656358,w/o
15, 2,  1, 0.1, 0.5232002249718786,w/o
45234, 2,  5, 0.5, 0.5196162657502864,w/o
15, 4,  13, 10, 0.6120641169853769,w/o
896783, 2,  3, 5, 0.5394459500150557,w/o
45234, 3,  13, 0.001, 0.5783218785796106,w/o
45234, 2,  7, 5, 0.5257731958762887,w/o
15, 5,  13, 0.001, 0.6339988751406074,w/o
9, 3,  5, 0.5, 0.5725079918628305,w/o
15, 2,  5, 5, 0.41268278965129357,w/o
45234, 2,  1, 0.5, 0.5144616265750286,w/o
45234, 2,  15, 0.1, 0.520618556701031,w/o
15, 5,  13, 0.1, 0.6334364454443194,w/o
12, 1,  13, 10, 0.44280494659921305,w/o
15, 5,  13, 0.5, 0.6324521934758155,w/o
15, 2,  15, 0.1, 0.5250281214848144,w/o
9, 2,  1, 10, 0.5074106364428945,w/o
896783, 1,  1, 10, 0.024841915085817526,w/o
45234, 2,  3, 5, 0.497709049255441,w/o
15, 5,  13, 5, 0.6278121484814398,w/o
12, 2,  11, 0.5, 0.5401911186059584,w/o
45234, 3,  13, 0.1, 0.5784650630011455,w/o
12, 1,  15, 10, 0.4362001124227094,w/o
45234, 2,  11, 0.1, 0.520618556701031,w/o
9, 3,  5, 5, 0.5775937227550131,w/o
12, 2,  3, 5, 0.006464305789769534,w/o
896783, 2,  13, 0.1, 0.5367359229147847,w/o
9, 2,  9, 0.001, 0.5184539378087765,w/o
9, 3,  1, 0.001, 0.5714908456843941,w/o
12, 2,  1, 0.1, 0.5397695334457561,w/o
896783, 2,  15, 0.001, 0.5365853658536586,w/o
45234, 3,  13, 0.5, 0.5788946162657503,w/o
12, 1,  5, 10, 0.4398538504777965,w/o
9, 3,  5, 10, 0.5752688172043011,w/o
12, 2,  7, 5, 0.5327431141090501,w/o
12, 1,  9, 10, 0.44378864530635187,w/o
9, 2,  3, 10, 0.509009009009009,w/o
15, 2,  7, 0.001, 0.5248875140607424,w/o
896783, 2,  5, 5, 0.5293586269196026,w/o
9, 1,  15, 10, 0.4131066550421389,w/o
896783, 2,  11, 0.5, 0.5376392652815417,w/o
896783, 2,  7, 5, 0.5388437217705511,w/o
9, 2,  7, 0.001, 0.518308631211857,w/o
9, 4,  5, 0.001, 0.5947399011915141,w/o
45234, 2,  9, 0.1, 0.5210481099656358,w/o
15, 2,  3, 0.001, 0.5251687289088864,w/o
9, 3,  1, 0.1, 0.5726532984597501,w/o
45234, 2,  5, 5, 0.5170389461626576,w/o
896783, 2,  3, 10, 0.42999096657633246,w/o
9, 2,  13, 0.5, 0.5199070037779715,w/o
45234, 3,  13, 5, 0.5790378006872853,w/o
15, 2,  1, 0.5, 0.5219347581552306,w/o
15, 1,  9, 10, 0.41802587176602923,w/o
9, 3,  3, 0.001, 0.5716361522813136,w/o
45234, 2,  7, 10, 0.5163230240549829,w/o
15, 2,  5, 10, 0.5411979752530933,w/o
45234, 2,  1, 5, 0.38230240549828176,w/o
45234, 2,  15, 0.5, 0.520618556701031,w/o
45234, 2,  3, 10, 0.5008591065292096,w/o
896783, 3,  3, 0.001, 0.582956940680518,w/o
12, 2,  13, 0.001, 0.5401911186059584,w/o
9, 3,  1, 0.5, 0.567712874164487,w/o
896783, 2,  1, 0.001, 0.5365853658536586,w/o
12, 2,  11, 5, 0.5425801011804384,w/o
15, 2,  15, 0.5, 0.5251687289088864,w/o
45234, 3,  13, 10, 0.5806128293241696,w/o
12, 2,  15, 0.001, 0.5401911186059584,w/o
9, 3,  3, 0.1, 0.572362685265911,w/o
12, 2,  3, 10, 0.0030916245081506464,w/o
45234, 2,  11, 0.5, 0.520475372279496,w/o
45234, 3,  7, 0.001, 0.5783218785796106,w/o
15, 3,  5, 0.001, 0.5793025871766029,w/o
896783, 2,  13, 0.5, 0.53613369467028,w/o
9, 2,  9, 0.1, 0.5190351641964546,w/o
45234, 3,  3, 0.001, 0.5783218785796106,w/o
896783, 3,  3, 0.1, 0.583107497741644,w/o
9, 3,  1, 5, 0.46410927056088347,w/o
896783, 2,  15, 0.1, 0.5367359229147847,w/o
12, 2,  1, 0.5, 0.5410342889263631,w/o
12, 2,  5, 0.001, 0.5401911186059584,w/o
9, 3,  3, 0.5, 0.572362685265911,w/o
12, 3,  3, 0.001, 0.5917650365373806,w/o
15, 2,  7, 0.1, 0.5248875140607424,w/o
45234, 3,  7, 0.1, 0.5783218785796106,w/o
12, 2,  7, 10, 0.538504777965149,w/o
896783, 2,  5, 10, 0.3261065943992773,w/o
12, 2,  9, 0.001, 0.5401911186059584,w/o
15, 3,  5, 0.1, 0.579443194600675,w/o
9, 2,  15, 0.001, 0.5190351641964546,w/o
896783, 2,  7, 10, 0.5373381511592894,w/o
9, 2,  7, 0.1, 0.519761697181052,w/o
896783, 2,  11, 5, 0.5344775669978922,w/o
45234, 2,  9, 0.5, 0.5211912943871707,w/o
15, 2,  3, 0.1, 0.5248875140607424,w/o
896783, 3,  3, 0.5, 0.5826558265582655,w/o
45234, 3,  3, 0.1, 0.5790378006872853,w/o
45234, 2,  5, 10, 0.5146048109965635,w/o
9, 2,  13, 5, 0.5175820982272595,w/o
15, 2,  1, 5, 0.484392575928009,w/o
45234, 3,  7, 0.5, 0.5783218785796106,w/o
12, 3,  3, 0.1, 0.5920460933108488,w/o
15, 2,  9, 0.001, 0.5248875140607424,w/o
15, 3,  5, 0.5, 0.5800056242969629,w/o
12, 3,  7, 0.001, 0.5916245081506464,w/o
896783, 3,  7, 0.001, 0.582956940680518,w/o
896783, 3,  5, 0.001, 0.583107497741644,w/o
45234, 2,  1, 10, 0.4766609392898053,w/o
896783, 3,  3, 5, 0.5800963565191207,w/o
45234, 2,  15, 5, 0.5153207331042382,w/o
45234, 3,  3, 0.5, 0.5793241695303551,w/o
15, 1,  11, 10, 0.42322834645669294,w/o
45234, 3,  5, 0.001, 0.5787514318442154,w/o
896783, 2,  1, 0.1, 0.5374887082204155,w/o
12, 2,  11, 10, 0.5386453063518831,w/o
12, 2,  13, 0.1, 0.5399100618324901,w/o
15, 2,  15, 5, 0.5268560179977503,w/o
12, 2,  15, 0.1, 0.5401911186059584,w/o
45234, 3,  7, 5, 0.5768900343642611,w/o
45234, 2,  11, 5, 0.5274914089347079,w/o
12, 3,  3, 0.5, 0.5907813378302417,w/o
15, 3,  5, 5, 0.20374015748031496,w/o
896783, 3,  7, 0.1, 0.583107497741644,w/o
12, 3,  7, 0.1, 0.5912029229904441,w/o
896783, 3,  5, 0.1, 0.583107497741644,w/o
45234, 3,  1, 0.001, 0.5784650630011455,w/o
896783, 2,  13, 5, 0.5337247816922613,w/o
45234, 3,  3, 5, 0.5528350515463918,w/o
9, 2,  9, 0.5, 0.5164196454519036,w/o
45234, 3,  5, 0.1, 0.5783218785796106,w/o
12, 3,  11, 0.001, 0.5916245081506464,w/o
12, 2,  5, 0.1, 0.5401911186059584,w/o
896783, 2,  15, 0.5, 0.5367359229147847,w/o
12, 2,  1, 5, 0.0037942664418212477,w/o
45234, 3,  7, 10, 0.593069873997709,w/o
15, 2,  7, 0.5, 0.5243250843644545,w/o
896783, 3,  7, 0.5, 0.5828063836193917,w/o
896783, 3,  5, 0.5, 0.5828063836193917,w/o
15, 3,  5, 10, 0.5800056242969629,w/o
12, 3,  7, 0.5, 0.592186621697583,w/o
9, 2,  7, 0.5, 0.519180470793374,w/o
12, 2,  9, 0.1, 0.5401911186059584,w/o
9, 2,  15, 0.1, 0.519180470793374,w/o
896783, 2,  11, 10, 0.5281541704305932,w/o
45234, 3,  3, 10, 0.5989404352806414,w/o
45234, 3,  1, 0.1, 0.5781786941580757,w/o
45234, 2,  9, 5, 0.5211912943871707,w/o
45234, 3,  5, 0.5, 0.57975372279496,w/o
15, 2,  3, 0.5, 0.5220753655793026,w/o
15, 4,  5, 0.001, 0.6013779527559056,w/o
45234, 4,  3, 0.001, 0.6013745704467354,w/o
12, 3,  11, 0.1, 0.5917650365373806,w/o
9, 2,  13, 10, 0.5088637024120896,w/o
15, 2,  1, 10, 0.003515185601799775,w/o
15, 2,  9, 0.1, 0.5251687289088864,w/o
15, 4,  5, 0.1, 0.6019403824521935,w/o
12, 3,  7, 5, 0.5924676784710512,w/o
896783, 3,  5, 5, 0.5892803372478169,w/o
896783, 3,  7, 5, 0.5823547124360132,w/o
45234, 4,  3, 0.1, 0.6005154639175257,w/o
896783, 3,  11, 0.001, 0.582956940680518,w/o
45234, 3,  1, 0.5, 0.5827605956471936,w/o
12, 3,  11, 0.5, 0.5913434513771781,w/o
45234, 3,  5, 5, 0.577033218785796,w/o
45234, 2,  15, 10, 0.5231958762886598,w/o
15, 2,  11, 0.001, 0.5250281214848144,w/o
45234, 4,  3, 0.5, 0.6010882016036655,w/o
896783, 2,  1, 0.5, 0.540650406504065,w/o
12, 2,  13, 0.5, 0.5403316469926925,w/o
15, 3,  1, 0.001, 0.5793025871766029,w/o
896783, 3,  5, 10, 0.5984643179765131,w/o
15, 2,  15, 10, 0.5275590551181102,w/o
9, 3,  13, 0.001, 0.5714908456843941,w/o
12, 2,  15, 0.5, 0.5401911186059584,w/o
45234, 2,  11, 10, 0.5048682703321878,w/o
12, 3,  7, 10, 0.5861439010680157,w/o
896783, 3,  7, 10, 0.05344775669978922,w/o
896783, 3,  11, 0.1, 0.582956940680518,w/o
896783, 2,  13, 10, 0.5392953929539296,w/o
896783, 4,  5, 0.001, 0.599217103282144,w/o
45234, 3,  1, 5, 0.1595074455899198,w/o
9, 2,  9, 5, 0.509590235396687,w/o
12, 2,  5, 0.5, 0.5389263631253514,w/o
45234, 3,  5, 10, 0.05956471935853379,w/o
896783, 4,  7, 0.001, 0.5989159891598916,w/o
12, 4,  7, 0.001, 0.6155143338954469,w/o
12, 3,  11, 5, 0.5883923552557616,w/o
45234, 3,  15, 0.001, 0.5783218785796106,w/o
896783, 2,  15, 5, 0.5400481782595604,w/o
15, 3,  15, 0.001, 0.5793025871766029,w/o
12, 2,  1, 10, 0.5248735244519392,w/o
15, 2,  7, 5, 0.5392294713160855,w/o
896783, 4,  5, 0.1, 0.5989159891598916,w/o
9, 2,  7, 5, 0.5140947399011915,w/o
15, 3,  1, 0.1, 0.578458942632171,w/o
45234, 4,  5, 0.001, 0.6012313860252004,w/o
896783, 4,  7, 0.1, 0.59936766034327,w/o
12, 4,  7, 0.1, 0.615654862282181,w/o
9, 3,  13, 0.1, 0.5714908456843941,w/o
45234, 3,  11, 0.001, 0.5787514318442154,w/o
45234, 2,  9, 10, 0.5174684994272624,w/o
12, 2,  9, 0.5, 0.5411748173130972,w/o
9, 2,  15, 0.5, 0.5167102586457425,w/o
896783, 3,  11, 0.5, 0.582956940680518,w/o
896783, 3,  13, 0.001, 0.583107497741644,w/o
896783, 4,  7, 0.5, 0.5977115326708823,w/o
45234, 4,  5, 0.1, 0.6005154639175257,w/o
12, 3,  1, 0.001, 0.5916245081506464,w/o
12, 4,  7, 0.5, 0.6153738055087128,w/o
45234, 3,  1, 10, 0.06944444444444445,w/o
12, 3,  11, 10, 0.5851602023608768,w/o
45234, 3,  15, 0.1, 0.5787514318442154,w/o
896783, 4,  7, 5, 0.6044866004215598,w/o
15, 2,  3, 5, 0.5084364454443194,w/o
15, 3,  15, 0.1, 0.5791619797525309,w/o
45234, 4,  5, 0.5, 0.6026632302405498,w/o
45234, 3,  11, 0.1, 0.5783218785796106,w/o
12, 4,  7, 5, 0.6072231590781337,w/o
45234, 4,  1, 0.001, 0.6013745704467354,w/o
45234, 3,  9, 0.001, 0.5788946162657503,w/o
15, 3,  1, 0.5, 0.5922384701912261,w/o
9, 3,  13, 0.5, 0.572943911653589,w/o
12, 4,  11, 0.001, 0.6150927487352446,w/o
15, 2,  9, 0.5, 0.5247469066366705,w/o
896783, 3,  11, 5, 0.582956940680518,w/o
45234, 4,  5, 5, 0.6095360824742269,w/o
896783, 3,  13, 0.1, 0.583107497741644,w/o
12, 3,  1, 0.1, 0.5920460933108488,w/o
12, 2,  13, 5, 0.5400505902192243,w/o
45234, 4,  1, 0.1, 0.6003722794959908,w/o
12, 4,  7, 10, 0.5503091624508151,w/o
15, 3,  15, 0.5, 0.5793025871766029,w/o
896783, 2,  1, 5, 0.512646793134598,w/o
12, 4,  11, 0.1, 0.6143901068015739,w/o
45234, 3,  11, 0.5, 0.5778923253150057,w/o
9, 2,  9, 10, 0.5287707061900611,w/o
45234, 4,  1, 0.5, 0.5972222222222222,w/o
45234, 4,  5, 10, 0.5963631156930126,w/o
12, 5,  7, 0.001, 0.6476953344575604,w/o
15, 3,  1, 5, 0.5864735658042745,w/o
45234, 3,  15, 0.5, 0.5783218785796106,w/o
45234, 3,  9, 0.1, 0.5787514318442154,w/o
45234, 5,  5, 0.001, 0.6387457044673539,w/o
12, 2,  15, 5, 0.5378021360314783,w/o
896783, 2,  15, 10, 0.5239385727190605,w/o
896783, 3,  11, 10, 0.5858175248419151,w/o
12, 4,  11, 0.5, 0.616919617762788,w/o
9, 2,  7, 10, 0.08020924149956409,w/o
9, 3,  13, 5, 0.5726532984597501,w/o
45234, 4,  1, 5, 0.5731672394043528,w/o
45234, 5,  5, 0.1, 0.638602520045819,w/o
896783, 4,  11, 0.001, 0.59936766034327,w/o
45234, 3,  11, 5, 0.5743127147766323,w/o
12, 2,  9, 5, 0.5379426644182125,w/o
896783, 3,  13, 0.5, 0.5837097259861488,w/o
9, 3,  9, 0.001, 0.5714908456843941,w/o
12, 3,  1, 0.5, 0.5896571107363687,w/o
15, 2,  7, 10, 0.06974128233970754,w/o
45234, 4,  1, 10, 0.5897766323024055,w/o
12, 4,  11, 5, 0.613265879707701,w/o
45234, 5,  5, 0.5, 0.6390320733104238,w/o
45234, 3,  9, 0.5, 0.5786082474226805,w/o
896783, 4,  11, 0.1, 0.5987654320987654,w/o
15, 3,  15, 5, 0.5741001124859393,w/o
12, 2,  5, 5, 0.23735244519392917,w/o
45234, 3,  15, 5, 0.5777491408934707,w/o
45234, 5,  1, 0.001, 0.6390320733104238,w/o
9, 3,  7, 0.001, 0.5716361522813136,w/o
15, 3,  1, 10, 0.25745219347581555,w/o
12, 4,  11, 10, 0.6110174255199551,w/o
45234, 5,  1, 0.1, 0.6388888888888888,w/o
9, 3,  9, 0.1, 0.5720720720720721,w/o
9, 2,  15, 5, 0.516855565242662,w/o
896783, 3,  13, 5, 0.5835591689250226,w/o
896783, 4,  11, 0.5, 0.59936766034327,w/o
896783, 3,  15, 0.001, 0.582956940680518,w/o
15, 3,  15, 10, 0.5749437570303711,w/o
45234, 3,  15, 10, 0.5760309278350515,w/o
9, 3,  13, 10, 0.5845684394071491,w/o
15, 4,  1, 0.001, 0.6016591676040495,w/o
12, 5,  11, 0.001, 0.6475548060708263,w/o
12, 2,  13, 10, 0.5348510399100619,w/o
45234, 5,  1, 0.5, 0.6424684994272624,w/o
9, 3,  7, 0.1, 0.5717814588782331,w/o
45234, 3,  11, 10, 0.5854810996563574,w/o
15, 3,  7, 0.001, 0.5791619797525309,w/o
12, 3,  1, 5, 0.5667509836987071,w/o
15, 4,  15, 0.001, 0.6016591676040495,w/o
12, 5,  11, 0.1, 0.6475548060708263,w/o
45234, 4,  15, 0.001, 0.6013745704467354,w/o
896783, 4,  11, 5, 0.5895814513700692,w/o
45234, 3,  9, 5, 0.5708762886597938,w/o
15, 2,  9, 5, 0.532058492688414,w/o
9, 4,  13, 0.001, 0.5941586748038361,w/o
45234, 4,  11, 0.001, 0.6012313860252004,w/o
9, 3,  9, 0.5, 0.5712002324905551,w/o
15, 4,  1, 0.1, 0.6039088863892014,w/o
15, 4,  15, 0.1, 0.6012373453318335,w/o
15, 2,  3, 10, 0.48172103487064116,w/o
12, 5,  11, 0.5, 0.6482574480044969,w/o
896783, 3,  13, 10, 0.5776874435411021,w/o
45234, 4,  15, 0.1, 0.6016609392898052,w/o
896783, 3,  15, 0.1, 0.582956940680518,w/o
9, 4,  13, 0.1, 0.5951758209822726,w/o
896783, 4,  11, 10, 0.5377898223426679,w/o
15, 4,  1, 0.5, 0.5920978627671541,w/o
12, 5,  11, 5, 0.6461495222034851,w/o
45234, 4,  11, 0.1, 0.6018041237113402,w/o
15, 4,  15, 0.5, 0.6017997750281214,w/o
9, 3,  7, 0.5, 0.5714908456843941,w/o
896783, 2,  1, 10, 0.5353809093646492,w/o
896783, 4,  13, 0.001, 0.5987654320987654,w/o
12, 3,  1, 10, 0.0567734682405846,w/o
896783, 5,  11, 0.001, 0.6324902137910268,w/o
15, 3,  7, 0.1, 0.5793025871766029,w/o
12, 3,  13, 0.001, 0.5916245081506464,w/o
45234, 4,  15, 0.5, 0.6005154639175257,w/o
9, 4,  13, 0.5, 0.5922696890438826,w/o
15, 4,  1, 5, 0.11782902137232847,w/o
896783, 5,  11, 0.1, 0.6330924420355315,w/o
15, 3,  3, 0.001, 0.5793025871766029,w/o
896783, 4,  13, 0.1, 0.5987654320987654,w/o
9, 3,  9, 5, 0.5746875908166231,w/o
896783, 5,  11, 0.5, 0.6327913279132791,w/o
45234, 4,  11, 0.5, 0.602233676975945,w/o
12, 2,  15, 10, 0.5422990444069702,w/o
15, 4,  15, 5, 0.6057367829021373,w/o
15, 4,  1, 10, 0.5566647919010124,w/o
45234, 3,  9, 10, 0.4202462772050401,w/o
12, 4,  1, 0.001, 0.6149522203485104,w/o
9, 4,  13, 5, 0.5929962220284801,w/o
45234, 4,  15, 5, 0.6018041237113402,w/o
896783, 5,  11, 5, 0.6293285155073773,w/o
9, 3,  7, 5, 0.570328392909038,w/o
896783, 3,  15, 0.5, 0.5832580548027703,w/o
896783, 4,  13, 0.5, 0.599217103282144,w/o
12, 2,  9, 10, 0.5427206295671726,w/o
15, 5,  1, 0.001, 0.6334364454443194,w/o
12, 2,  5, 10, 0.006183249016301293,w/o
15, 4,  15, 10, 0.6172665916760405,w/o
45234, 4,  9, 0.001, 0.6012313860252004,w/o
15, 3,  7, 0.5, 0.5783183352080989,w/o
45234, 4,  11, 5, 0.6042382588774341,w/o
9, 4,  13, 10, 0.5855855855855856,w/o
45234, 4,  15, 10, 0.6123997709049256,w/o
12, 3,  13, 0.1, 0.5917650365373806,w/o
15, 3,  3, 0.1, 0.5793025871766029,w/o
896783, 4,  13, 5, 0.5963565191207467,w/o
12, 4,  1, 0.1, 0.6180438448566611,w/o
9, 5,  13, 0.001, 0.6269979657076431,w/o
9, 3,  9, 10, 0.17306015693112467,w/o
45234, 5,  15, 0.001, 0.638602520045819,w/o
15, 5,  1, 0.1, 0.6334364454443194,w/o
45234, 4,  9, 0.1, 0.6018041237113402,w/o
896783, 3,  1, 0.001, 0.583107497741644,w/o
45234, 4,  11, 10, 0.5847651775486827,w/o
15, 5,  15, 0.001, 0.6334364454443194,w/o
9, 5,  13, 0.1, 0.6269979657076431,w/o
9, 3,  7, 10, 0.45989537925021795,w/o
45234, 5,  15, 0.1, 0.6394616265750286,w/o
45234, 5,  11, 0.001, 0.6394616265750286,w/o
12, 3,  15, 0.001, 0.5916245081506464,w/o
45234, 4,  9, 0.5, 0.6015177548682703,w/o
896783, 3,  15, 5, 0.5843119542306534,w/o
15, 5,  15, 0.1, 0.6334364454443194,w/o
896783, 4,  13, 10, 0.6111111111111112,w/o
12, 4,  1, 0.5, 0.6090500281056773,w/o
9, 4,  9, 0.001, 0.594449287997675,w/o
9, 5,  13, 0.5, 0.6268526591107236,w/o
12, 3,  5, 0.001, 0.5917650365373806,w/o
45234, 5,  15, 0.5, 0.6394616265750286,w/o
15, 3,  7, 5, 0.5757874015748031,w/o
45234, 5,  11, 0.1, 0.638602520045819,w/o
9, 2,  15, 10, 0.3997384481255449,w/o
9, 4,  7, 0.001, 0.594449287997675,w/o
896783, 5,  13, 0.001, 0.6327913279132791,w/o
9, 5,  13, 5, 0.6213310084277827,w/o
45234, 4,  9, 5, 0.6126861397479955,w/o
12, 3,  9, 0.001, 0.5916245081506464,w/o
12, 3,  13, 0.5, 0.5914839797639123,w/o
45234, 5,  11, 0.5, 0.638459335624284,w/o
15, 5,  15, 0.5, 0.6335770528683915,w/o
45234, 5,  15, 5, 0.6449026345933563,w/o
15, 2,  9, 10, 0.5144825646794151,w/o
9, 4,  9, 0.1, 0.5945945945945946,w/o
12, 4,  1, 5, 0.568999437886453,w/o
896783, 5,  13, 0.1, 0.6327913279132791,w/o
896783, 3,  1, 0.1, 0.5826558265582655,w/o
45234, 5,  15, 10, 0.6201317296678122,w/o
15, 5,  15, 5, 0.6268278965129359,w/o
9, 4,  7, 0.1, 0.594449287997675,w/o
45234, 5,  11, 5, 0.6360252004581901,w/o
15, 3,  3, 0.5, 0.578037120359955,w/o
45234, 4,  9, 10, 0.6059564719358533,w/o
896783, 5,  13, 0.5, 0.6327913279132791,w/o
45234, 62,  15, 0.001, 0.6754009163802979,w/o
896783, 3,  15, 10, 0.578440228846733,w/o
9, 4,  9, 0.5, 0.5954664341761116,w/o
12, 4,  1, 10, 0.5986509274873525,w/o
12, 3,  15, 0.1, 0.5916245081506464,w/o
15, 5,  15, 10, 0.6508717660292463,w/o
45234, 5,  11, 10, 0.645618556701031,w/o
12, 3,  5, 0.1, 0.5916245081506464,w/o
15, 3,  7, 10, 0.2201912260967379,w/o
45234, 62,  15, 0.1, 0.6749713631156931,w/o
896783, 5,  13, 5, 0.6324902137910268,w/o
45234, 5,  9, 0.001, 0.638602520045819,w/o
9, 3,  15, 0.001, 0.5716361522813136,w/o
9, 4,  7, 0.5, 0.5959023539668701,w/o
15, 62,  15, 0.001, 0.6803993250843644,w/o
45234, 62,  11, 0.001, 0.6748281786941581,w/o
12, 5,  1, 0.001, 0.6479763912310287,w/o
45234, 5,  9, 0.1, 0.6391752577319587,w/o
15, 62,  15, 0.1, 0.6796962879640045,w/o
45234, 62,  11, 0.1, 0.6749713631156931,w/o
9, 4,  9, 5, 0.5823888404533566,w/o
896783, 5,  13, 10, 0.6230051189400783,w/o
896783, 4,  15, 0.001, 0.59936766034327,w/o
15, 4,  7, 0.001, 0.6017997750281214,w/o
15, 3,  9, 0.001, 0.5793025871766029,w/o
12, 3,  13, 5, 0.5897976391231029,w/o
15, 62,  15, 0.5, 0.6803993250843644,w/o
45234, 62,  11, 0.5, 0.6756872852233677,w/o
896783, 62,  13, 0.001, 0.672387834989461,w/o
12, 5,  1, 0.1, 0.6505059021922428,w/o
9, 4,  7, 5, 0.5940133682069166,w/o
45234, 5,  9, 0.5, 0.6411798396334479,w/o
12, 3,  9, 0.1, 0.5914839797639123,w/o
15, 62,  15, 5, 0.6815241844769404,w/o
896783, 3,  1, 0.5, 0.5826558265582655,w/o
896783, 62,  13, 0.1, 0.672387834989461,w/o
45234, 62,  11, 5, 0.6749713631156931,w/o
15, 3,  3, 5, 0.5666479190101237,w/o
12, 5,  1, 0.5, 0.6389825744800449,w/o
15, 62,  15, 10, 0.6830708661417323,w/o
45234, 5,  9, 5, 0.6267182130584192,w/o
9, 4,  9, 10, 0.5931415286253996,w/o
896783, 4,  15, 0.1, 0.5995182174043963,w/o
15, 4,  7, 0.1, 0.6015185601799775,w/o
896783, 62,  13, 0.5, 0.6726889491117133,w/o
12, 3,  5, 0.5, 0.5913434513771781,w/o
45234, 62,  11, 10, 0.6725372279495991,w/o
12, 3,  15, 0.5, 0.5912029229904441,w/o
9, 4,  7, 10, 0.12234815460621912,w/o
12, 5,  1, 5, 0.6597807757166948,w/o
896783, 62,  13, 5, 0.667871123155676,w/o
45234, 5,  9, 10, 0.6663802978235968,w/o
9, 3,  15, 0.1, 0.5714908456843941,w/o
9, 5,  9, 0.001, 0.6269979657076431,w/o
896783, 62,  13, 10, 0.6726889491117133,w/o
9, 5,  7, 0.001, 0.6271432723045627,w/o
15, 4,  7, 0.5, 0.6005343082114736,w/o
45234, 62,  9, 0.001, 0.675114547537228,w/o
896783, 4,  15, 0.5, 0.5995182174043963,w/o
12, 5,  1, 10, 0.5587408656548623,w/o
9, 5,  9, 0.1, 0.6275791920953211,w/o
15, 3,  9, 0.1, 0.5793025871766029,w/o
45234, 62,  9, 0.1, 0.6749713631156931,w/o
12, 3,  13, 10, 0.5941540191118606,w/o
12, 62,  1, 0.001, 0.6878864530635188,w/o
9, 5,  7, 0.1, 0.6268526591107236,w/o
45234, 62,  9, 0.5, 0.6754009163802979,w/o
896783, 3,  1, 5, 0.11863896416741945,w/o
9, 5,  9, 0.5, 0.6283057250799187,w/o
12, 3,  9, 0.5, 0.5912029229904441,w/o
12, 62,  1, 0.1, 0.68690275435638,w/o
15, 4,  7, 5, 0.6022215973003374,w/o
896783, 4,  15, 5, 0.5980126467931346,w/o
15, 3,  3, 10, 0.05989876265466817,w/o
9, 5,  7, 0.5, 0.6275791920953211,w/o
45234, 62,  9, 5, 0.6822737686139748,w/o
12, 62,  1, 0.5, 0.6874648679033165,w/o
9, 5,  9, 5, 0.6485033420517291,w/o
12, 4,  13, 0.001, 0.6153738055087128,w/o
12, 3,  15, 5, 0.6048341765036538,w/o
12, 3,  5, 5, 0.5536818437324339,w/o
45234, 62,  9, 10, 0.6857101947308133,w/o
12, 62,  1, 5, 0.6677908937605397,w/o
9, 5,  7, 5, 0.6346992153443767,w/o
9, 3,  15, 0.5, 0.5712002324905551,w/o
15, 4,  7, 10, 0.6048931383577053,w/o
9, 5,  9, 10, 0.6155187445510026,w/o
896783, 4,  15, 10, 0.6112616681722373,w/o
15, 4,  3, 0.001, 0.6015185601799775,w/o
12, 62,  1, 10, 0.37436762225969644,w/o
9, 5,  7, 10, 0.6293228712583552,w/o
15, 3,  9, 0.5, 0.5791619797525309,w/o
9, 58,  9, 0.001, 0.6647776809067132,w/o
12, 4,  13, 0.1, 0.6150927487352446,w/o
15, 5,  7, 0.001, 0.6334364454443194,w/o
896783, 5,  15, 0.001, 0.632640770852153,w/o
9, 58,  7, 0.001, 0.6649229875036327,w/o
9, 58,  9, 0.1, 0.6644870677128741,w/o
896783, 3,  1, 10, 0.0630834086118639,w/o
15, 4,  3, 0.1, 0.6005343082114736,w/o
15, 5,  7, 0.1, 0.6334364454443194,w/o
12, 3,  9, 5, 0.5964024732996065,w/o
9, 58,  7, 0.1, 0.6643417611159547,w/o
896783, 5,  15, 0.1, 0.6330924420355315,w/o
9, 58,  9, 0.5, 0.6641964545190352,w/o
12, 4,  13, 0.5, 0.6153738055087128,w/o
9, 58,  7, 0.5, 0.6650682941005521,w/o
15, 5,  7, 0.5, 0.6337176602924635,w/o
9, 58,  9, 5, 0.6672478930543446,w/o
12, 3,  15, 10, 0.5980888139404159,w/o
12, 3,  5, 10, 0.592186621697583,w/o
896783, 5,  15, 0.5, 0.6329418849744053,w/o
9, 58,  7, 5, 0.6745132229003197,w/o
9, 3,  15, 5, 0.5812263876780006,w/o
15, 4,  3, 0.5, 0.6027840269966255,w/o
896783, 4,  1, 0.001, 0.5990665462210177,w/o
9, 58,  9, 10, 0.6607090961929671,w/o
15, 5,  7, 5, 0.6335770528683915,w/o
9, 58,  7, 10, 0.6514094739901192,w/o
12, 4,  13, 5, 0.6200112422709387,w/o
896783, 5,  15, 5, 0.6329418849744053,w/o
15, 3,  9, 5, 0.5804274465691789,w/o
12, 4,  5, 0.001, 0.6150927487352446,w/o
12, 4,  15, 0.001, 0.6155143338954469,w/o
15, 5,  7, 10, 0.6437007874015748,w/o
896783, 4,  1, 0.1, 0.5966576332429991,w/o
15, 4,  3, 5, 0.5839426321709786,w/o
896783, 5,  15, 10, 0.6329418849744053,w/o
15, 62,  7, 0.001, 0.6803993250843644,w/o
12, 3,  9, 10, 0.592327150084317,w/o
12, 4,  13, 10, 0.6313940415964024,w/o
896783, 62,  15, 0.001, 0.6726889491117133,w/o
15, 62,  7, 0.1, 0.6795556805399325,w/o
12, 4,  5, 0.1, 0.616919617762788,w/o
12, 4,  15, 0.1, 0.6148116919617763,w/o
896783, 4,  1, 0.5, 0.6305329719963866,w/o
15, 4,  3, 10, 0.5828177727784027,w/o
896783, 62,  15, 0.1, 0.6722372779283349,w/o
15, 62,  7, 0.5, 0.6787120359955006,w/o
12, 5,  13, 0.001, 0.6475548060708263,w/o
9, 3,  15, 10, 0.5672769543737286,w/o
896783, 62,  15, 0.5, 0.6726889491117133,w/o
12, 4,  9, 0.001, 0.6148116919617763,w/o
15, 62,  7, 5, 0.6889763779527559,w/o
15, 5,  3, 0.001, 0.6334364454443194,w/o
12, 5,  13, 0.1, 0.6478358628442945,w/o
12, 4,  5, 0.5, 0.619168071950534,w/o
896783, 62,  15, 5, 0.6717856067449564,w/o
12, 4,  15, 0.5, 0.6157953906689151,w/o
15, 62,  7, 10, 0.6841957255343082,w/o
15, 3,  9, 10, 0.5665073115860517,w/o
896783, 4,  1, 5, 0.18819632640770853,w/o
15, 5,  3, 0.1, 0.6355455568053994,w/o
9, 4,  15, 0.001, 0.594449287997675,w/o
896783, 62,  15, 10, 0.6701294790725685,w/o
12, 5,  13, 0.5, 0.6485385047779652,w/o
12, 4,  9, 0.1, 0.6155143338954469,w/o
15, 5,  3, 0.5, 0.6377952755905512,w/o
12, 4,  5, 5, 0.6053962900505903,w/o
12, 4,  15, 5, 0.6190275435637999,w/o
12, 5,  13, 5, 0.650646430578977,w/o
15, 4,  9, 0.001, 0.6016591676040495,w/o
896783, 4,  1, 10, 0.5644384221619994,w/o
9, 4,  15, 0.1, 0.5945945945945946,w/o
15, 5,  3, 5, 0.6202193475815523,w/o
12, 4,  9, 0.5, 0.6155143338954469,w/o
12, 5,  13, 10, 0.6486790331646992,w/o
896783, 5,  1, 0.001, 0.6324902137910268,w/o
12, 4,  5, 10, 0.607504215851602,w/o
15, 5,  3, 10, 0.17266591676040494,w/o
12, 4,  15, 10, 0.6125632377740303,w/o
15, 4,  9, 0.1, 0.6017997750281214,w/o
12, 62,  13, 0.001, 0.6883080382237212,w/o
9, 4,  15, 0.5, 0.594449287997675,w/o
896783, 5,  1, 0.1, 0.6336946702800361,w/o
15, 62,  3, 0.001, 0.6802587176602924,w/o
12, 62,  13, 0.1, 0.6884485666104553,w/o
12, 5,  5, 0.001, 0.6479763912310287,w/o
12, 4,  9, 5, 0.6204328274311411,w/o
12, 5,  15, 0.001, 0.6479763912310287,w/o
15, 62,  3, 0.1, 0.6795556805399325,w/o
12, 62,  13, 0.5, 0.6894322653175942,w/o
896783, 5,  1, 0.5, 0.6341463414634146,w/o
15, 4,  9, 0.5, 0.6020809898762655,w/o
12, 5,  5, 0.1, 0.6476953344575604,w/o
15, 62,  3, 0.5, 0.6777277840269966,w/o
12, 5,  15, 0.1, 0.6481169196177627,w/o
9, 4,  15, 5, 0.5897994768962511,w/o
12, 62,  13, 5, 0.6862001124227094,w/o
15, 62,  3, 5, 0.6622609673790776,w/o
896783, 5,  1, 5, 0.616380608250527,w/o
12, 4,  9, 10, 0.6060989319842608,w/o
12, 5,  5, 0.5, 0.649522203485104,w/o
12, 62,  13, 10, 0.6922428330522765,w/o
12, 5,  15, 0.5, 0.6488195615514334,w/o
15, 62,  3, 10, 0.3825928008998875,w/o
15, 4,  9, 5, 0.6126265466816648,w/o
896783, 5,  1, 10, 0.5012044564890094,w/o
12, 5,  9, 0.001, 0.6475548060708263,w/o
12, 5,  5, 5, 0.6580944350758853,w/o
9, 4,  15, 10, 0.6095611740773031,w/o
12, 5,  15, 5, 0.647133220910624,w/o
896783, 62,  1, 0.001, 0.6722372779283349,w/o
12, 5,  9, 0.1, 0.6476953344575604,w/o
12, 5,  5, 10, 0.6263350196739741,w/o
9, 5,  15, 0.001, 0.6271432723045627,w/o
896783, 62,  1, 0.1, 0.6719361638060825,w/o
12, 5,  15, 10, 0.6465711073636875,w/o
15, 4,  9, 10, 0.6172665916760405,w/o
12, 62,  5, 0.001, 0.6878864530635188,w/o
896783, 62,  1, 0.5, 0.6704305931948208,w/o
12, 5,  9, 0.5, 0.647273749297358,w/o
12, 62,  15, 0.001, 0.6876053962900506,w/o
9, 5,  15, 0.1, 0.6272885789014822,w/o
12, 62,  5, 0.1, 0.6887296233839235,w/o
15, 5,  9, 0.001, 0.6334364454443194,w/o
896783, 62,  1, 5, 0.39461005721168324,w/o
12, 62,  15, 0.1, 0.6888701517706577,w/o
12, 5,  9, 5, 0.6526138279932546,w/o
12, 62,  5, 0.5, 0.6849353569421023,w/o
9, 5,  15, 0.5, 0.6267073525138042,w/o
896783, 62,  1, 10, 0.37232761216501054,w/o
15, 5,  9, 0.1, 0.6347019122609674,w/o
12, 62,  15, 0.5, 0.6897133220910624,w/o
12, 62,  5, 5, 0.6838111298482293,w/o
12, 5,  9, 10, 0.6379988757729061,w/o
12, 62,  15, 5, 0.68690275435638,w/o
9, 5,  15, 5, 0.6399302528334786,w/o
15, 5,  9, 0.5, 0.6363892013498312,w/o
12, 62,  5, 10, 0.6932265317594154,w/o
12, 62,  9, 0.001, 0.6876053962900506,w/o
12, 62,  15, 10, 0.6912591343451377,w/o
9, 5,  15, 10, 0.6179889566986341,w/o
15, 5,  9, 5, 0.6425759280089989,w/o
12, 62,  9, 0.1, 0.6878864530635188,w/o
9, 58,  15, 0.001, 0.6643417611159547,w/o
12, 62,  9, 0.5, 0.6885890949971895,w/o
15, 5,  9, 10, 0.6300618672665916,w/o
9, 58,  15, 0.1, 0.6646323743097937,w/o
12, 62,  9, 5, 0.6895727937043282,w/o
15, 62,  9, 0.001, 0.6799775028121485,w/o
9, 58,  15, 0.5, 0.6639058413251961,w/o
12, 62,  9, 10, 0.6838111298482293,w/o
15, 62,  9, 0.1, 0.6799775028121485,w/o
9, 58,  15, 5, 0.6663760534728277,w/o
15, 62,  9, 0.5, 0.6792744656917885,w/o
9, 58,  15, 10, 0.6576576576576577,w/o
15, 62,  9, 5, 0.6758998875140607,w/o
15, 62,  9, 10, 0.6825084364454443,w/o
