45234 , 2 , 0 , 0.5002226179875334, 0.534085053364986, 0.46591494663501404
45234 , 2 , 1 , 0.4991095280498664, 0.5748311241103804, 0.4251688758896195
45234 , 2 , 2 , 0.49666073018699913, 0.6151295686060948, 0.38487043139390514
45234 , 2 , 3 , 0.49710596616206587, 0.6526192062075196, 0.3473807937924804
45234 , 2 , 4 , 0.49844167408726625, 0.6871219606758957, 0.31287803932410424
45234 , 2 , 5 , 0.49265360641139805, 0.7188850892151701, 0.2811149107848299
45234 , 2 , 6 , 0.49265360641139805, 0.7481330191968676, 0.25186698080313247
45234 , 2 , 7 , 0.49265360641139805, 0.7750145955207347, 0.22498540447926538
45234 , 2 , 8 , 0.49265360641139805, 0.7996329741931183, 0.20036702580688176
45234 , 2 , 9 , 0.49265360641139805, 0.8220769079485747, 0.17792309205142529
45234 , 2 , 10 , 0.49265360641139805, 0.8424390665951839, 0.15756093340481606
45234 , 3 , 0 , 0.4991095280498664, 0.3788217294107874, 0.33046928523950847, 0.29070898534970413
45234 , 3 , 1 , 0.49844167408726625, 0.4324353611207226, 0.31984707972653814, 0.2477175591527392
45234 , 3 , 2 , 0.4991095280498664, 0.48694748743944055, 0.30467026643135986, 0.2083822461291996
45234 , 3 , 3 , 0.4910952804986643, 0.5392976563543539, 0.28706119307075434, 0.17364115057489166
45234 , 3 , 4 , 0.4955476402493321, 0.5884940892253233, 0.26796826084493486, 0.14353764992974188
45234 , 3 , 5 , 0.4939893143365984, 0.634217637484878, 0.24800630483848426, 0.11777605767663771
45234 , 3 , 6 , 0.493766696349065, 0.6763468561533637, 0.22769940139512865, 0.0959537424515077
45234 , 3 , 7 , 0.4910952804986643, 0.7148374137713781, 0.20751607208921777, 0.07764651413940421
45234 , 3 , 8 , 0.4910952804986643, 0.7497084532551997, 0.18785725182560728, 0.06243429491919287
45234 , 3 , 9 , 0.4910952804986643, 0.781046574248177, 0.1690428476737408, 0.0499105780780822
45234 , 3 , 10 , 0.4910952804986643, 0.8090027176411052, 0.15130735073073032, 0.03968993162816442
45234 , 4 , 0 , 0.49933214603739984, 0.29888953913508715, 0.26073956348057875, 0.22936877139743636, 0.21100212598689766
45234 , 4 , 1 , 0.4964381121994657, 0.3574695287980493, 0.26439924936055137, 0.20477390867356451, 0.17335731316783487
45234 , 4 , 2 , 0.49755120213713266, 0.41915318311501637, 0.2622531489929226, 0.17937063856521743, 0.13922302932684352
45234 , 4 , 3 , 0.4982190560997329, 0.48008755354567534, 0.25554441832889246, 0.15457689124387217, 0.10979113688155999
45234 , 4 , 4 , 0.49666073018699913, 0.5383021756592986, 0.2451135881590452, 0.13129550603969145, 0.08528873014196481
45234 , 4 , 5 , 0.4939893143365984, 0.5927415563645044, 0.23178737775426153, 0.1100738289250135, 0.06539723695622066
45234 , 4 , 6 , 0.49309884238646484, 0.6428226158974408, 0.21641310743354933, 0.09119763796736782, 0.049566638701642005
45234 , 4 , 7 , 0.4908726625111309, 0.6882597405428804, 0.19980061924995637, 0.07475961476849716, 0.03718002543866608
45234 , 4 , 8 , 0.4910952804986643, 0.7289919572652863, 0.18266624192397962, 0.060709064511682356, 0.027632736299051726
45234 , 4 , 9 , 0.4910952804986643, 0.7651354709141346, 0.16559918847855207, 0.04889382390305363, 0.020371516704259587
45234 , 4 , 10 , 0.4910952804986643, 0.7969377247690295, 0.14905084149003095, 0.03909801922571629, 0.014913414515223235
45234 , 5 , 0 , 0.4991095280498664, 0.25050830563382104, 0.21853366447094807, 0.1922408608021669, 0.17684722328880353, 0.16186994580426042
45234 , 5 , 1 , 0.49577025823686555, 0.31209622366743117, 0.23083927612902566, 0.17878212953570827, 0.15135321594186457, 0.1269291547259704
45234 , 5 , 2 , 0.49577025823686555, 0.37838219730655376, 0.23674381291597707, 0.16192327551516272, 0.12568081998294914, 0.09726989427935723
45234 , 5 , 3 , 0.4942119323241318, 0.4450290672509948, 0.23688323783907508, 0.14328888391456077, 0.1017736179119113, 0.07302519308345809
45234 , 5 , 4 , 0.4977738201246661, 0.5093365821398975, 0.23192422931622264, 0.12423060377694276, 0.08069941432495822, 0.05380917044197887
45234 , 5 , 5 , 0.49354407836153164, 0.5696313687805309, 0.22275030295846435, 0.10578219995583465, 0.06284748758010847, 0.03898864072506148
45234 , 5 , 6 , 0.49354407836153164, 0.6249328707633515, 0.21039033343669206, 0.08865960887549104, 0.04818719978397083, 0.027829987140494672
45234 , 5 , 7 , 0.4933214603739982, 0.6747665249649427, 0.19588356196868287, 0.07329396519004444, 0.0364511173406192, 0.019604830535710934
45234 , 5 , 8 , 0.4910952804986643, 0.719038589752424, 0.18017218939034127, 0.05988016698486104, 0.027255449859831617, 0.013653604012542085
45234 , 5 , 9 , 0.4910952804986643, 0.7579307140634336, 0.16403985430443127, 0.04843342424035178, 0.020179692079575106, 0.009416315312208181
45234 , 5 , 10 , 0.4910952804986643, 0.7918050845967031, 0.1480908865111972, 0.038846210260096936, 0.014817365365993661, 0.006440453266009268
45234 , 6 , 0 , 0.49487978628673196, 0.21864757502335222, 0.19073960712260407, 0.1677908360301203, 0.1543550279655446, 0.14128262545912249, 0.12718432839925636
45234 , 6 , 1 , 0.4951024042742654, 0.2831246655731779, 0.20941071342422887, 0.1621859759802401, 0.137303259050751, 0.11514645727203525, 0.09282892869956702
45234 , 6 , 2 , 0.49309884238646484, 0.35375496452177846, 0.22133519952843916, 0.15138440178433576, 0.11750080825847832, 0.09093902473419022, 0.065085601172778
45234 , 6 , 3 , 0.49888691006233304, 0.42541036484319583, 0.2264404553546233, 0.13697212355272084, 0.09728702036198954, 0.06980594374268861, 0.04408409214478169
45234 , 6 , 4 , 0.4991095280498664, 0.49455465625493367, 0.22519334272984234, 0.12062519304839757, 0.0783573623237264, 0.05224752496570412, 0.02902192067739588
45234 , 6 , 5 , 0.49309884238646484, 0.5589964778724222, 0.21859160436573002, 0.1038072698199121, 0.06167413897101304, 0.03826073147797702, 0.01866977749294561
45234 , 6 , 6 , 0.49354407836153164, 0.6175665985599827, 0.2079103991308137, 0.08761455132932389, 0.047619202728725746, 0.027501946689622584, 0.01178730156153152
45234 , 6 , 7 , 0.4924309884238646, 0.6698208355384486, 0.19444783683200748, 0.07275675835586495, 0.0361839495145076, 0.019461137273673573, 0.007329482485497687
45234 , 6 , 8 , 0.4910952804986643, 0.7158019441710778, 0.17936117099856544, 0.059610625293137966, 0.027132763494166722, 0.013592144338854379, 0.004501351704197616
45234 , 6 , 9 , 0.4910952804986643, 0.7558565281771157, 0.1635909357630979, 0.04830087924233602, 0.0201244674637669, 0.0093905462175435, 0.0027366431361399604
45234 , 6 , 10 , 0.4910952804986643, 0.7904985367809036, 0.14784652356369304, 0.038782110607082206, 0.014792915413947302, 0.006429825953415646, 0.0016500876809580614
45234 , 7 , 0 , 0.4924309884238646, 0.19588063073364267, 0.17087861388385436, 0.15031941145195168, 0.1382826232194371, 0.12657140050001783, 0.11394110574344374, 0.10412621446765263
45234 , 7 , 1 , 0.4924309884238646, 0.2625204993621702, 0.19417101985306734, 0.15038302409180238, 0.12731112655649263, 0.10676676792409037, 0.0860733792590365, 0.07277418295334069
45234 , 7 , 2 , 0.4959928762243989, 0.33649036596932347, 0.21053319320021166, 0.1439962625749249, 0.1117663183215881, 0.08650085167020452, 0.0619091742997006, 0.04880383396404678
45234 , 7 , 3 , 0.4986642920747996, 0.41204858562872965, 0.2193281524590217, 0.13266994517460376, 0.0942313174597016, 0.0676133981790809, 0.0426994481520917, 0.03140915294677076
45234 , 7 , 4 , 0.4968833481745325, 0.4849147919389744, 0.22080387183652306, 0.11827396557663711, 0.07683001983203328, 0.05122911568546768, 0.028456225108709612, 0.019492010021654772
45234 , 7 , 5 , 0.4939893143365984, 0.5524347419949917, 0.21602568413250914, 0.10258873640571044, 0.060950181975902115, 0.037811610912157734, 0.01845062378868115, 0.01173842079004768
45234 , 7 , 6 , 0.49354407836153164, 0.6133045010482582, 0.20647551842830225, 0.0870098849466701, 0.04729056175958046, 0.027312143713189633, 0.011705952232130577, 0.006901437871868848
45234 , 7 , 7 , 0.4924309884238646, 0.6671538775392465, 0.19367362351055772, 0.07246707011628703, 0.03603987953566522, 0.019383650828085887, 0.007300299425032729, 0.003981599045124979
45234 , 7 , 8 , 0.4910952804986643, 0.7141819075406204, 0.1789552323594677, 0.05947571172198878, 0.027071355347536255, 0.01356138195843086, 0.004491164033283596, 0.0022632470386724037
45234 , 7 , 9 , 0.4910952804986643, 0.7548953905203885, 0.16338291558626034, 0.048239460451667375, 0.020098877443992153, 0.009378605317054856, 0.0027331632551401883, 0.0012715874254967305
45234 , 7 , 10 , 0.4910952804986643, 0.7899389412208861, 0.14774186270182585, 0.03875465667024813, 0.014782443478320544, 0.006425274266235298, 0.0016489195804530584, 0.0007079020820309281
45234 , 8 , 0 , 0.48864648263579696, 0.17918226271845075, 0.15631160963300073, 0.1375050313733749, 0.12649435133174125, 0.11578148310066734, 0.1042278915852339, 0.09524969695442705, 0.08524767330310412
45234 , 8 , 1 , 0.4924309884238646, 0.24812864668854598, 0.18352621033149316, 0.1421387523774016, 0.1203316983535029, 0.10091361893900497, 0.08135467959013429, 0.06878456948677214, 0.05482182423314515
45234 , 8 , 2 , 0.4951024042742654, 0.3252386002619366, 0.20349325861932377, 0.13918122959603163, 0.10802900945658221, 0.08360838455994753, 0.059839018376060045, 0.04717190223310022, 0.03343859689701799
45234 , 8 , 3 , 0.4986642920747996, 0.40404160086180113, 0.21506613764582128, 0.1300918845597133, 0.09240020154333495, 0.0662995253297463, 0.041869706605010604, 0.030798805968387372, 0.01943213748618489
45234 , 8 , 4 , 0.49666073018699913, 0.4796563352666977, 0.21840945613206939, 0.11699139277461879, 0.07599686865346532, 0.05067358285852476, 0.028147643417083045, 0.01928063703024077, 0.010844083867300127
45234 , 8 , 5 , 0.4946571682991986, 0.5491972731892655, 0.21475969493870947, 0.10198752904368294, 0.06059299170916913, 0.037590021099787346, 0.01834249641286145, 0.011669629368643047, 0.005860364237881028
45234 , 8 , 6 , 0.49354407836153164, 0.6114097037069721, 0.20583761464196978, 0.0867410688881172, 0.047144458102204335, 0.027227763153110984, 0.011669786824686161, 0.0068801159573750725, 0.0030894887255643795
45234 , 8 , 7 , 0.4924309884238646, 0.6660877614297686, 0.193364131837031, 0.07235126728059396, 0.03598228758057079, 0.01935267563164771, 0.007288633500447955, 0.0039752364247067785, 0.001598006315233303
45234 , 8 , 8 , 0.4910952804986643, 0.7136002022019042, 0.1788094722764552, 0.05942726840708458, 0.027049305570347168, 0.013550336133543032, 0.004487505953922927, 0.0022614036107286135, 0.0008145058460143883
45234 , 8 , 9 , 0.4910952804986643, 0.7545855495222861, 0.16331585632701898, 0.048219660936697904, 0.020090628014565425, 0.009374755940743409, 0.002732041449335516, 0.0012710655122329599, 0.0004104422971197508
45234 , 8 , 10 , 0.4910952804986643, 0.7897770176237529, 0.14771157821699196, 0.038746712646867326, 0.014779413337260178, 0.006423957197955992, 0.0016485815809246308, 0.0007077569745480083, 0.0002049824216986714
45234 , 9 , 0 , 0.4884238646482636, 0.1659653747072546, 0.14478171259953912, 0.12736234998815735, 0.11716384255124479, 0.10724117965379798, 0.09653980711846992, 0.08822386438234321, 0.07895961256445984, 0.0737622564347331
45234 , 9 , 1 , 0.4959928762243989, 0.2367302023689952, 0.17509544944372937, 0.13560923361265295, 0.11480394417489176, 0.09627788549220392, 0.0776174376480234, 0.06562476873097639, 0.05230343903515519, 0.04593763949337198
45234 , 9 , 2 , 0.49577025823686555, 0.31649945228608894, 0.19802540302743002, 0.135441435611196, 0.1051262743612761, 0.08136183066350781, 0.058231146383326306, 0.045904395136509506, 0.032540103156877866, 0.02686995937378742
45234 , 9 , 3 , 0.4973285841495993, 0.3980413713260376, 0.21187229278314107, 0.12815995189132176, 0.09102801012237223, 0.06531494263023321, 0.041247919517520146, 0.03034142755773755, 0.0191435600599021, 0.014850524111734306
45234 , 9 , 4 , 0.49799643811219946, 0.4758980327641191, 0.21669812919818943, 0.11607471762220244, 0.07540140227335947, 0.050276534723690314, 0.027927095180940168, 0.01912956539608231, 0.01075911605901529, 0.00783540678240156
45234 , 9 , 5 , 0.493766696349065, 0.5470067868441795, 0.21390312080371443, 0.10158074936605026, 0.060351315125116003, 0.0374400924093916, 0.018269336931033064, 0.011623084775226692, 0.0058369900361729815, 0.003988523709115453
45234 , 9 , 6 , 0.49354407836153164, 0.6102014330083662, 0.2054308373910958, 0.08656965078454695, 0.04705129100493514, 0.02717395552098903, 0.011646724937713893, 0.006866519440235212, 0.003083383263582358, 0.001976204648535307
45234 , 9 , 7 , 0.4924309884238646, 0.6654486528019837, 0.1931785997013668, 0.07228184651980263, 0.03594776271496417, 0.019334106814314418, 0.007281640084828433, 0.003971422200749663, 0.0015964730343614457, 0.0009594961276287223
45234 , 9 , 8 , 0.4910952804986643, 0.7132728301816746, 0.17872744144470143, 0.059400005487520884, 0.027036896400917505, 0.013544119766306876, 0.004485447260714225, 0.002260366166699425, 0.0008141321824089153, 0.0004587611090560544
45234 , 9 , 9 , 0.4910952804986643, 0.7544219714346669, 0.16328045292519477, 0.04820920794044607, 0.020086272793988447, 0.00937272369317239, 0.002731449200893923, 0.0012707899722812267, 0.0004103533219649573, 0.0002167787173911354
45234 , 9 , 10 , 0.4910952804986643, 0.7896968544165889, 0.1476965853347592, 0.038742779814331725, 0.01477791321108941, 0.006423305159468197, 0.001648414248140832, 0.0007076851364623383, 0.0002049616157648758, 0.00010150106339454611
45234 , 10 , 0 , 0.4915405164737311, 0.1555268938380176, 0.13567558947082436, 0.1193518269730021, 0.1097947601074372, 0.10049618839171133, 0.09046788439661424, 0.08267497731967542, 0.07399340556706423, 0.06912293992655433, 0.06289553400909904
45234 , 10 , 1 , 0.49220837043633126, 0.22815832395605337, 0.1687553336145224, 0.1306988932734654, 0.11064695262525871, 0.09279171296317165, 0.0748069503017346, 0.06324852973482181, 0.05040955850997969, 0.04427426128318352, 0.03620948373780871
45234 , 10 , 2 , 0.4951024042742654, 0.3104261204661173, 0.1942254786588627, 0.13284243970550472, 0.10310899836732922, 0.07980057236896529, 0.05711374453099764, 0.04502353224197759, 0.03191568866737129, 0.026354349700255488, 0.019189075292618846
45234 , 10 , 3 , 0.4968833481745325, 0.3942576768584668, 0.20985828097482634, 0.1269416913388505, 0.09016271771031238, 0.0646940730300366, 0.04085582579028144, 0.030053008564496064, 0.018961585552964486, 0.014709358268258135, 0.009505781911507295
45234 , 10 , 4 , 0.4977738201246661, 0.47376974060155963, 0.2157290204852416, 0.11555561290904405, 0.07506419513557783, 0.050051690014445364, 0.027802200741994684, 0.019044014918248055, 0.010710999570172179, 0.007800365589337989, 0.004472160034378614
45234 , 10 , 5 , 0.49354407836153164, 0.5458990151121118, 0.21346993453191754, 0.10137503293734726, 0.060229094555832086, 0.037364270542076285, 0.018232338752026858, 0.011599546265173467, 0.0058251692457962165, 0.0039804463434898706, 0.0020251517142285637
45234 , 10 , 6 , 0.49354407836153164, 0.6096573043446097, 0.20524765065795733, 0.08649245491799802, 0.04700933443990784, 0.02714972396842069, 0.011636339323169946, 0.006860396429301966, 0.0030806337498582035, 0.0019744424278388697, 0.0008917197409374505
45234 , 10 , 7 , 0.4924309884238646, 0.6651927195592894, 0.19310430272103316, 0.07225404673798583, 0.035933937114081244, 0.019326670867711067, 0.007278839547548755, 0.0039698947816817565, 0.0015958590267762427, 0.0009591271029803328, 0.0003846025409122497
45234 , 10 , 8 , 0.4910952804986643, 0.7131563323971971, 0.17869825015899535, 0.059390303773492456, 0.027032480505068117, 0.01354190762548685, 0.004484714659322075, 0.0022599969844753947, 0.0008139992114175466, 0.00045868618029041647, 0.00016332850425454902
45234 , 10 , 9 , 0.4910952804986643, 0.7543702587362018, 0.1632692606837756, 0.048205903386344534, 0.020084895957938234, 0.009372081229337663, 0.0027312619706512864, 0.0012707028645607924, 0.0004103251938373256, 0.00021676385805137377, 6.854611930157238e-05
45234 , 10 , 10 , 0.4910952804986643, 0.7896743432544513, 0.14769237508400454, 0.03874167540954637, 0.014777491950705476, 0.006423122056214975, 0.0016483672583117836, 0.000707664963133211, 0.00020495577311261371, 0.00010149816999708884, 2.8506080522594504e-05
896783 , 2 , 0 , 0.4901376146788991, 0.5333325605741623, 0.46666743942583777
896783 , 2 , 1 , 0.4855504587155963, 0.5732870078152819, 0.4267129921847182
896783 , 2 , 2 , 0.4889908256880734, 0.6127123519192229, 0.38728764808077715
896783 , 2 , 3 , 0.4889908256880734, 0.6494270829430216, 0.35057291705697835
896783 , 2 , 4 , 0.4889908256880734, 0.6832749978249694, 0.31672500217503075
896783 , 2 , 5 , 0.49036697247706423, 0.7144976871063723, 0.28550231289362765
896783 , 2 , 6 , 0.47775229357798166, 0.7433166579938214, 0.25668334200617865
896783 , 2 , 7 , 0.47775229357798166, 0.7698797729277311, 0.2301202270722689
896783 , 2 , 8 , 0.4791284403669725, 0.7942875173337968, 0.20571248266620323
896783 , 2 , 9 , 0.4791284403669725, 0.8166225797662522, 0.18337742023374784
896783 , 2 , 10 , 0.4791284403669725, 0.8369681808530258, 0.1630318191469743
896783 , 3 , 0 , 0.4823394495412844, 0.37774331534846717, 0.3305264271585508, 0.2917302574929821
896783 , 3 , 1 , 0.48302752293577983, 0.42983360624364725, 0.3199367537748976, 0.25022963998145514
896783 , 3 , 2 , 0.4823394495412844, 0.48253338661302164, 0.3050031876073733, 0.21246342577960511
896783 , 3 , 3 , 0.4818807339449541, 0.5331906098017706, 0.2878262892555797, 0.17898310094264977
896783 , 3 , 4 , 0.48440366972477067, 0.5809969773762886, 0.2693150920331501, 0.14968793059056132
896783 , 3 , 5 , 0.48623853211009177, 0.6256854534786938, 0.2500143070238461, 0.1243002394974601
896783 , 3 , 6 , 0.481651376146789, 0.667127317565385, 0.2303735125195051, 0.10249916991510992
896783 , 3 , 7 , 0.47775229357798166, 0.7052453147279967, 0.2108007219746602, 0.083953963297343
896783 , 3 , 8 , 0.47844036697247705, 0.7400144184159857, 0.19165629560957914, 0.06832928597443505
896783 , 3 , 9 , 0.4791284403669725, 0.7714726692961333, 0.1732387413495759, 0.05528858935429084
896783 , 3 , 10 , 0.4791284403669725, 0.7997223084019691, 0.15577674962299948, 0.04450094197503154
896783 , 4 , 0 , 0.47591743119266056, 0.2981617474553389, 0.26089233904999487, 0.23026960326079135, 0.21067631023387495
896783 , 4 , 1 , 0.481651376146789, 0.3553627370049777, 0.264506075929069, 0.20687607588595797, 0.1732551111799952
896783 , 4 , 2 , 0.48577981651376145, 0.41514581528163486, 0.26240836488347485, 0.18279212290767102, 0.1396536969272193
896783 , 4 , 3 , 0.48692660550458716, 0.47413124328718637, 0.2559449357637462, 0.15915786703163926, 0.11076595391742806
896783 , 4 , 4 , 0.48692660550458716, 0.5306496920820057, 0.24597713280000907, 0.13671646732996254, 0.08665670778802267
896783 , 4 , 5 , 0.48623853211009177, 0.5837820999645292, 0.23327036990255273, 0.11597561432262336, 0.06697191581029474
896783 , 4 , 6 , 0.48211009174311925, 0.6329787707624605, 0.21858127966194965, 0.09725249868916565, 0.051187450886424124
896783 , 4 , 7 , 0.480045871559633, 0.6779302186105326, 0.20263612752494325, 0.08070231379463753, 0.03873134006988651
896783 , 4 , 8 , 0.47844036697247705, 0.7185221364189925, 0.18609001061677768, 0.06634479452903586, 0.029043058435193926
896783 , 4 , 9 , 0.4791284403669725, 0.7548048514097644, 0.16949588446490663, 0.054094068569255985, 0.02160519555607303
896783 , 4 , 10 , 0.4791284403669725, 0.786958174852972, 0.15329044254480392, 0.04379067547319206, 0.015960707129032123
896783 , 5 , 0 , 0.47660550458715595, 0.2496685513137985, 0.21846066068297457, 0.1928184240546565, 0.17641179534645818, 0.16264056860211237
896783 , 5 , 1 , 0.4768348623853211, 0.30983971770979774, 0.2306220640608279, 0.18037463773956858, 0.15106061820725988, 0.128102962282546
896783 , 5 , 2 , 0.4837155963302752, 0.3741584797723926, 0.23650079386621478, 0.1647450613830538, 0.12586569107394843, 0.09872997390439045
896783 , 5 , 3 , 0.48623853211009177, 0.43874303692664746, 0.23684171839094018, 0.1472786426140053, 0.1024986049703773, 0.07463799709802975
896783 , 5 , 4 , 0.48807339449541287, 0.50123736044167, 0.23234335308845203, 0.12913868082072766, 0.08185358462343453, 0.05542702102571594
896783 , 5 , 5 , 0.4855504587155963, 0.5601424501977464, 0.22382432857001114, 0.11127930228390209, 0.06425995764291913, 0.04049396130542131
896783 , 5 , 6 , 0.4818807339449541, 0.6145263652722306, 0.21220926437295037, 0.09441742329070998, 0.04969524981524198, 0.02915169724886716
896783 , 5 , 7 , 0.48027522935779815, 0.6638875177154859, 0.19843870653491608, 0.07903063959718136, 0.037929055986756714, 0.02071408016566001
896783 , 5 , 8 , 0.47844036697247705, 0.7080663054736898, 0.18338205550583248, 0.06537935460656513, 0.028620428019593122, 0.014551856394319518
896783 , 5 , 9 , 0.4791284403669725, 0.7471638768422513, 0.16778005852645905, 0.05354646821746039, 0.021386483726834656, 0.010123112686994666
896783 , 5 , 10 , 0.4791284403669725, 0.7814622452325988, 0.15221989837787261, 0.043484851760955484, 0.015849241328339873, 0.006983763300233207
896783 , 6 , 0 , 0.48394495412844035, 0.21776050858360338, 0.1905410366083383, 0.16817591909546717, 0.15386608394464601, 0.14185484214471594, 0.12780160962322928
896783 , 6 , 1 , 0.47889908256880737, 0.2808600157993232, 0.20905168980456565, 0.16350396901916353, 0.13693172692623698, 0.11612132968799477, 0.09353126876271586
896783 , 6 , 2 , 0.4779816513761468, 0.3495669619882202, 0.2209568097184647, 0.1539172134900561, 0.11759318477569376, 0.09224095911424368, 0.06572487091332167
896783 , 6 , 3 , 0.48256880733944957, 0.4191501778732073, 0.22626512567982499, 0.14070165006153387, 0.09792134550108167, 0.07130490315900168, 0.044656797725350555
896783 , 6 , 4 , 0.49036697247706423, 0.4864398935287319, 0.22548414156285593, 0.12532626477307263, 0.0794371132951463, 0.053790711415853475, 0.029521875424339816
896783 , 6 , 5 , 0.48692660550458716, 0.5494513417439163, 0.21955232567047528, 0.10915537989776534, 0.06303346574579968, 0.03972107695807054, 0.01908640998397274
896783 , 6 , 6 , 0.4818807339449541, 0.6070798000304441, 0.20963780410468644, 0.09327331370935217, 0.04909306422830602, 0.028798449564566692, 0.01211756836264467
896783 , 6 , 7 , 0.48027522935779815, 0.6588554054572112, 0.1969345875071125, 0.07843160581555401, 0.03764156260499326, 0.020557072278116855, 0.0075797663370121265
896783 , 6 , 8 , 0.47844036697247705, 0.7047497549591014, 0.18252310226107604, 0.06507312066985498, 0.028486371230637117, 0.014483696157852497, 0.004683954721478014
896783 , 6 , 9 , 0.4791284403669725, 0.7450226888885457, 0.16729924213346348, 0.05339301720587246, 0.021325195323109607, 0.010094102335163512, 0.002865754113845152
896783 , 6 , 10 , 0.4791284403669725, 0.7801032408013834, 0.1519551798738846, 0.04340922928960916, 0.015821678654221467, 0.006971618164197821, 0.0017390532167035103
896783 , 7 , 0 , 0.48119266055045873, 0.19491864490010766, 0.1705543438299864, 0.15053520249441776, 0.137726389296452, 0.1269750598178435, 0.11439593306353894, 0.10489442659765383
896783 , 7 , 1 , 0.480045871559633, 0.26015448262576724, 0.1936400026481713, 0.15145014624593894, 0.12683686024928537, 0.10756064497403638, 0.08663596619492361, 0.07372189706187715
896783 , 7 , 2 , 0.4786697247706422, 0.33218543547133456, 0.209970168917604, 0.14626398415605593, 0.11174609600118462, 0.0876544596702682, 0.062456831565154095, 0.04972302421839867
896783 , 7 , 3 , 0.48623853211009177, 0.4056423233161505, 0.2189733324983462, 0.13616729095753582, 0.0947656572468794, 0.06900697675474297, 0.04321765357009815, 0.03222676565624691
896783 , 7 , 4 , 0.4889908256880734, 0.476627274918812, 0.2209356045017055, 0.1227981439211516, 0.07783468284771124, 0.05270562825777587, 0.028926350863050516, 0.020172314689793316
896783 , 7 , 5 , 0.4873853211009174, 0.5427098045078441, 0.21685851082957092, 0.10781608922323987, 0.06226007159028603, 0.03923371602357234, 0.01885222774828967, 0.012269580077196949
896783 , 7 , 6 , 0.4818807339449541, 0.6026523498332993, 0.20810890965447548, 0.09259306878742068, 0.048735027118709834, 0.02858842165521824, 0.012029194592946576, 0.007293028357929846
896783 , 7 , 7 , 0.48027522935779815, 0.6560509446802197, 0.1960963226591489, 0.07809775659709546, 0.0374813388517435, 0.02046956976630619, 0.007547502569856301, 0.00425656487563004
896783 , 7 , 8 , 0.47844036697247705, 0.7030240113030398, 0.18207615200166458, 0.06491377400192323, 0.028416615726517058, 0.014448229459797044, 0.004672484969144822, 0.002448732537913369
896783 , 7 , 9 , 0.4791284403669725, 0.7439850969008557, 0.16706624472847478, 0.0533186568304372, 0.021295495755389384, 0.010080044293893425, 0.0028617629823644995, 0.0013926985085853387
896783 , 7 , 10 , 0.4791284403669725, 0.7794909250736604, 0.15183590778060047, 0.043375156679178475, 0.01580925996119617, 0.00696614602765643, 0.0017376882055354283, 0.0007849162721725259
896783 , 8 , 0 , 0.4782110091743119, 0.17822488417228827, 0.1559472578406037, 0.13764265107716606, 0.12593084562231324, 0.11610031118573129, 0.10459852073400709, 0.09591076851711917, 0.0856447608507713
896783 , 8 , 1 , 0.47844036697247705, 0.24578086563298027, 0.18294133159527273, 0.14308247802946478, 0.11982908382585492, 0.1016178855076142, 0.08184930181258748, 0.06964873906108249, 0.055250314535143175
896783 , 8 , 2 , 0.4782110091743119, 0.3209566083639348, 0.20287257079101825, 0.14131983906496348, 0.10796875522117762, 0.08469148577758898, 0.06034561027597089, 0.04804224239419665, 0.03380288811114943
896783 , 8 , 3 , 0.4860091743119266, 0.39764261122425787, 0.21465493790517423, 0.13348192244107485, 0.09289677441438943, 0.06764608338973338, 0.0423653539801014, 0.03159121844610001, 0.019721098199168844
896783 , 8 , 4 , 0.488302752293578, 0.47135573501961125, 0.2184920371367048, 0.1214399855670781, 0.07697382435771857, 0.05212269933848937, 0.028606422859057293, 0.019949207101661277, 0.011060088619679267
896783 , 8 , 5 , 0.48692660550458716, 0.5394470025061545, 0.21555474521246062, 0.10716789280447979, 0.06188576052288953, 0.038997840706582486, 0.01873888709012789, 0.012195814668682475, 0.006012056488622573
896783 , 8 , 6 , 0.4818807339449541, 0.6007298964539018, 0.20744504486293797, 0.0922976980682755, 0.048579562998137524, 0.02849722495145817, 0.011990821614226354, 0.007269763689643092, 0.003189987361419574
896783 , 8 , 7 , 0.48027522935779815, 0.6549610152921159, 0.19577053828730143, 0.07796800899026136, 0.03741906927793976, 0.020435562673063835, 0.007534963536227082, 0.004249493237082632, 0.0016613487060079398
896783 , 8 , 8 , 0.47844036697247705, 0.702424454972406, 0.18192087293892747, 0.06485841392388632, 0.028392381331131606, 0.014435907651014504, 0.004668500157960293, 0.0024466441980115225, 0.0008528248266623656
896783 , 8 , 9 , 0.4791284403669725, 0.7436630516780817, 0.16699392757291348, 0.05329557704191236, 0.02128627767735777, 0.010075680993978367, 0.0028605242248928233, 0.0013920956579325482, 0.0004328651529311274
896783 , 8 , 10 , 0.4791284403669725, 0.7793211870863547, 0.1518028447640189, 0.04336571152523482, 0.01580581741698773, 0.006964629115056232, 0.00173730981537151, 0.0007847453527891712, 0.00021775492418702472
896783 , 9 , 0 , 0.4775229357798165, 0.16496620435360895, 0.14434587697892443, 0.12740300441669428, 0.11656247504288936, 0.10746326333459148, 0.09681712532247919, 0.0887756808617836, 0.07927339207395424, 0.07439297761507453
896783 , 9 , 1 , 0.4841743119266055, 0.2342563726696511, 0.17436334045162658, 0.13637344066406518, 0.11421038185817545, 0.09685309389756942, 0.07801144527172371, 0.06638295837817036, 0.05265966591226772, 0.046889300896750356
896783 , 9 , 2 , 0.47889908256880737, 0.3120302653142387, 0.19723034341488055, 0.13738949667487718, 0.10496596256125448, 0.08233607312760802, 0.05866729736753726, 0.04670610683782481, 0.03286277294453134, 0.027811681757247693
896783 , 9 , 3 , 0.48440366972477067, 0.3914359549278232, 0.21130446845266565, 0.1313984525336874, 0.09144678305642609, 0.06659022071923035, 0.04170408885506888, 0.03109812281362356, 0.01941327887887064, 0.015608629762604234
896783 , 9 , 4 , 0.48761467889908255, 0.46740903925357824, 0.2166625874581483, 0.12042315975747325, 0.07632931694193854, 0.051686272195444895, 0.028366899205070135, 0.019782170943285216, 0.01096748169526237, 0.008373072549798853
896783 , 9 , 5 , 0.48692660550458716, 0.5371070217251686, 0.2146197247956959, 0.10670302636096095, 0.06161731619087366, 0.03882867821734994, 0.018657602672113482, 0.012142912396906099, 0.005985977751374925, 0.0043377398895565675
896783 , 9 , 6 , 0.4818807339449541, 0.5994150234706332, 0.20699099074198135, 0.09209567757562402, 0.04847323242377132, 0.02843485044436852, 0.011964576195976054, 0.007253851686713838, 0.0031830051415849196, 0.0021887923193467315
896783 , 9 , 7 , 0.48027522935779815, 0.6542518859243536, 0.19555857660582313, 0.07788359266065836, 0.03737855547586007, 0.020413436993370022, 0.007526805395813744, 0.0042448922907926305, 0.0016595499559605795, 0.0010827046973678892
896783 , 9 , 8 , 0.47844036697247705, 0.7020539213884444, 0.18182490846527263, 0.06482420067802411, 0.02837740416065081, 0.014428292613467635, 0.004666037492997027, 0.0024453535768815572, 0.0008523749558796316, 0.0005275066683821637
896783 , 9 , 9 , 0.4791284403669725, 0.7434741551804758, 0.16695150974942055, 0.05328203952942742, 0.021280870788729176, 0.010073121688600159, 0.0028597976283444237, 0.0013917420542493891, 0.00043275520164209836, 0.00025400817911113235
896783 , 9 , 10 , 0.4791284403669725, 0.7792267419676866, 0.15178444793620033, 0.04336045608005633, 0.015803901926527877, 0.006963785078948636, 0.0017370992726148328, 0.000784650250321596, 0.00021772853469588776, 0.00012118895294790607
896783 , 10 , 0 , 0.47706422018348627, 0.15449861143538474, 0.1351867047378143, 0.1193189074829113, 0.10916624171698282, 0.10064440186744117, 0.09067379275712197, 0.08314260169905624, 0.07424326120122073, 0.06967252345477805, 0.06345295364728883
896783 , 10 , 1 , 0.4798165137614679, 0.2256126590127442, 0.16792959109426342, 0.1313414624170313, 0.10999618769912275, 0.09327935799066037, 0.07513293832992592, 0.06393352540275922, 0.050716602130372955, 0.045159155048827886, 0.036898520874292164
896783 , 10 , 2 , 0.4793577981651376, 0.3058616231464851, 0.19333122352684773, 0.13467339270418854, 0.10289085147490394, 0.08070834072764417, 0.05750748178346933, 0.045782756470382886, 0.03221309658467326, 0.027261862294474932, 0.019769371286930244
896783 , 10 , 3 , 0.48394495412844035, 0.3875568607569108, 0.20921046068061908, 0.13009630600146785, 0.09054055387988723, 0.06593031778037058, 0.041290805185168825, 0.030789943287921735, 0.019220895077663194, 0.01545394968284495, 0.009909907667145933
896783 , 10 , 4 , 0.48761467889908255, 0.46520248900034183, 0.2156397640913032, 0.11985466464646223, 0.07596898057811625, 0.051442271015705573, 0.028232984403753148, 0.019688783031120146, 0.01091570627484908, 0.008333544847500369, 0.004720812110847898
896783 , 10 , 5 , 0.48669724770642203, 0.535943978143021, 0.21415499042537606, 0.10647197320956536, 0.06148389096789623, 0.03874459917317806, 0.018617201775885925, 0.012116618314424074, 0.0059730158038946305, 0.004328347011907119, 0.002165385174851692
896783 , 10 , 6 , 0.4818807339449541, 0.5988360072930673, 0.20679104391451547, 0.0920067160295896, 0.048426408796322706, 0.0284073832675866, 0.011953018789329172, 0.0072468446927089845, 0.0031799304581044473, 0.00218667801437813, 0.0009659687443975866
896783 , 10 , 7 , 0.48027522935779815, 0.6539757152562399, 0.19547602805849598, 0.07785071669303273, 0.03736277736217658, 0.02040482014005139, 0.007523628205314752, 0.00424310045073073, 0.001658849432155886, 0.0010822476695989723, 0.00042211673220299826
896783 , 10 , 8 , 0.47844036697247705, 0.7019264131525853, 0.18179188511396274, 0.06481242719565625, 0.028372250207902756, 0.014425672122248151, 0.004665190039274295, 0.0024449094475766345, 0.0008522201460799271, 0.000527410861717375, 0.00018162171299649895
896783 , 10 , 9 , 0.4791284403669725, 0.7434167405193807, 0.1669386169484208, 0.053277924833277764, 0.021279227377224364, 0.010072343793546643, 0.0028595767809745224, 0.0013916345772139287, 0.00043272178219755234, 0.0002539885633740828, 7.722482438971843e-05
896783 , 10 , 10 , 0.4791284403669725, 0.7792013897055302, 0.15177950960579387, 0.043359045340935466, 0.015803387744145275, 0.006963558511128154, 0.001737042755822148, 0.0007846247216048834, 0.0002177214508644031, 0.00012118501004662267, 3.2535154129041296e-05
15 , 2 , 0 , 0.4929954676555418, 0.5330934795174483, 0.4669065204825516
15 , 2 , 1 , 0.4907292954264524, 0.5726087619117535, 0.42739123808824653
15 , 2 , 2 , 0.4892871858261228, 0.6117738834461716, 0.3882261165538285
15 , 2 , 3 , 0.4890811701689328, 0.64832877853659, 0.35167122146341
15 , 2 , 4 , 0.4896992171405027, 0.6820856708278753, 0.31791432917212464
15 , 2 , 5 , 0.48413679439637414, 0.713276316262741, 0.28672368373725904
15 , 2 , 6 , 0.48475484136794394, 0.7421136574037508, 0.2578863425962492
15 , 2 , 7 , 0.48475484136794394, 0.7687352513654041, 0.2312647486345959
15 , 2 , 8 , 0.48475484136794394, 0.7932306575652232, 0.20676934243477682
15 , 2 , 9 , 0.48475484136794394, 0.8156723197730862, 0.18432768022691381
15 , 2 , 10 , 0.48475484136794394, 0.8361346487849376, 0.16386535121506232
15 , 3 , 0 , 0.4796044499381953, 0.37792890682992963, 0.33100662014747856, 0.2910644730225918
15 , 3 , 1 , 0.47630819942315616, 0.4301056805010147, 0.32102791910552725, 0.24886640039345814
15 , 3 , 2 , 0.4773382777091059, 0.4829593488901521, 0.30648158992466046, 0.2105590611851874
15 , 3 , 3 , 0.48331273176761436, 0.5337432356780613, 0.2895168961377826, 0.17673986818415607
15 , 3 , 4 , 0.48702101359703337, 0.581628929681399, 0.2710922966352698, 0.14727877368333117
15 , 3 , 5 , 0.488463123197363, 0.6263608894661069, 0.2517853144453637, 0.12185379608852935
15 , 3 , 6 , 0.48722702925422334, 0.6678227328482832, 0.23207006145037126, 0.10010720570134543
15 , 3 , 7 , 0.48475484136794394, 0.7059445347559693, 0.2123749172296882, 0.08168054801434241
15 , 3 , 8 , 0.48475484136794394, 0.7407051803602339, 0.1930776648890286, 0.06621715475073747
15 , 3 , 9 , 0.48475484136794394, 0.7721452433630552, 0.17449132213646557, 0.05336343450047915
15 , 3 , 10 , 0.48475484136794394, 0.8003691756135358, 0.15685604735337605, 0.04277477703308821
15 , 4 , 0 , 0.4796044499381953, 0.2985378183618501, 0.261472442187733, 0.2299208957252888, 0.2100688437251281
15 , 4 , 1 , 0.47939843428100537, 0.35610695994073144, 0.2657957834818917, 0.2060494927020921, 0.17204776387528473
15 , 4 , 2 , 0.48290070045323447, 0.4163866367490974, 0.2642351550860696, 0.18153490459484248, 0.13784330356999053
15 , 4 , 3 , 0.4861969509682736, 0.47582554207513794, 0.2581007586347925, 0.15756142272829768, 0.10851227656177191
15 , 4 , 4 , 0.4816646065100948, 0.5326650127655276, 0.24827063146086326, 0.13488024040884833, 0.08418411536476088
15 , 4 , 5 , 0.48763906056860323, 0.5859721260683491, 0.23554979006457927, 0.11399646619762072, 0.06448161766945075
15 , 4 , 6 , 0.48681499793984345, 0.635215553751954, 0.2207389855759852, 0.09521936133107757, 0.048826099340983004
15 , 4 , 7 , 0.484548825710754, 0.6801140317672206, 0.20460412127609195, 0.07869185763474774, 0.03658998932193974
15 , 4 , 8 , 0.484548825710754, 0.720582451758944, 0.18783232632185756, 0.06441823411526001, 0.027166987803938406
15 , 4 , 9 , 0.484548825710754, 0.7566976481780804, 0.17100043576407314, 0.05229584165976398, 0.020006074398082493
15 , 4 , 10 , 0.484548825710754, 0.788661509621241, 0.1545615834145458, 0.04214907477264642, 0.014627832191566667
15 , 5 , 0 , 0.47981046559538526, 0.2502752987860413, 0.21920202255090007, 0.19275119377018804, 0.17610848406888066, 0.16166300082399002
15 , 5 , 1 , 0.48084054388133496, 0.31121502306913124, 0.23228875083414263, 0.18007426093362777, 0.15035889445222209, 0.12606307071087636
15 , 5 , 2 , 0.4781623403378657, 0.3764628727826541, 0.23889989926306254, 0.1641290705860419, 0.12462668461445185, 0.09588147275378954
15 , 5 , 3 , 0.48413679439637414, 0.4418427411604827, 0.23966756007551307, 0.14630860423291206, 0.1007624801235038, 0.07141861440758836
15 , 5 , 4 , 0.48866913885455293, 0.5048483367846226, 0.23530551540201539, 0.12783656407605615, 0.07978787719678915, 0.052221706540516874
15 , 5 , 5 , 0.48763906056860323, 0.5639638568629642, 0.22670287916136933, 0.10971492309177076, 0.06205978096876649, 0.03755855991512919
15 , 5 , 6 , 0.48681499793984345, 0.618307444224481, 0.21486337544152886, 0.09268482107767022, 0.047526450693207406, 0.026617908563112438
15 , 5 , 7 , 0.4853728883395138, 0.6674494650681546, 0.20079413880275668, 0.07722651765763765, 0.03590863834451524, 0.018621240126935744
15 , 5 , 8 , 0.484548825710754, 0.7113006240111992, 0.1854128567743647, 0.06358846237788084, 0.026817049638466362, 0.012881007198088846
15 , 5 , 9 , 0.484548825710754, 0.7500201509350523, 0.1694914381594686, 0.05183435570246751, 0.01982953029625291, 0.008824524906758712
15 , 5 , 10 , 0.484548825710754, 0.7839326531847031, 0.15363482392417707, 0.04189634667428674, 0.014540122930264235, 0.005996053286568981
15 , 6 , 0 , 0.4785743716522456, 0.21843361656669033, 0.1913136884733383, 0.16822810943385502, 0.1537027955608567, 0.14109516243228593, 0.12722662753297376
15 , 6 , 1 , 0.48022249690976515, 0.2824505452415044, 0.2108191425964318, 0.16343064895476406, 0.1364617662126992, 0.1144115174966719, 0.09242637949792866
15 , 6 , 2 , 0.4754841367943964, 0.35227433495259436, 0.22355007417085984, 0.15358342978079986, 0.11661915586892756, 0.08972088482179864, 0.06425212040501968
15 , 6 , 3 , 0.48413679439637414, 0.4227997264426155, 0.22933810923535972, 0.1400028383026407, 0.09641971014395577, 0.06834053798220217, 0.043099077893226194
15 , 6 , 4 , 0.4903172641120725, 0.4906595272572897, 0.22869223197514973, 0.12424370553590804, 0.0775454314766905, 0.05075401061422391, 0.028105093140737995
15 , 6 , 5 , 0.48743304491141326, 0.5538569168203992, 0.2226400790736435, 0.10774869398691392, 0.060947591813984736, 0.036885463388594254, 0.017921254916464333
15 , 6 , 6 , 0.48681499793984345, 0.6113677973966359, 0.21245183090054862, 0.09164456201146139, 0.04699303194521316, 0.026319159313938533, 0.011223618432202341
15 , 6 , 7 , 0.4853728883395138, 0.662826023345783, 0.19940323200379562, 0.07669156733931747, 0.03565989816957457, 0.018492250258744476, 0.006927028882784845
15 , 6 , 8 , 0.48434281005356405, 0.708295801191414, 0.18462959753872296, 0.06331983887839185, 0.026703763525702563, 0.01282659259045157, 0.004224406275317152
15 , 6 , 9 , 0.484548825710754, 0.7481068261418947, 0.16905906021551975, 0.05170212464473058, 0.019778944546133506, 0.008802013268547553, 0.0025510311831737622
15 , 6 , 10 , 0.484548825710754, 0.7827347322216125, 0.1534000558284758, 0.04183232521564232, 0.014517904289438971, 0.00598689076744753, 0.001528091677382951
15 , 7 , 0 , 0.47630819942315616, 0.19579746611538454, 0.17148796062177837, 0.1507947269026351, 0.1377746629785788, 0.12647355164283972, 0.11404220506397586, 0.10362942667480766
15 , 7 , 1 , 0.4787803873094355, 0.2622232525045217, 0.19572163054097574, 0.15172679624747443, 0.1266892515580407, 0.10621809993784559, 0.08580739622381166, 0.07161357298733
15 , 7 , 2 , 0.48042851256695507, 0.3356137601721003, 0.21297742564568284, 0.1463198060562695, 0.11110373230719603, 0.0854775966721224, 0.061213360124765685, 0.04729431902186331
15 , 7 , 3 , 0.48413679439637414, 0.4101388401707112, 0.22247049902363217, 0.1358104041485282, 0.09353238806649677, 0.06629405657497187, 0.04180846087174729, 0.029945351143912436
15 , 7 , 4 , 0.49134734239802225, 0.48168312410298547, 0.22450840682059192, 0.121970720852413, 0.07612677145474221, 0.04982548801218304, 0.027590922656522084, 0.018294566100562286
15 , 7 , 5 , 0.4861969509682736, 0.5478427306898909, 0.22022248919621704, 0.10657867934727555, 0.0602857779948602, 0.03648493387350641, 0.0177266527376671, 0.010858736160582855
15 , 7 , 6 , 0.48702101359703337, 0.6075162393926163, 0.21111340491011074, 0.09106721013287022, 0.046696980388214085, 0.026153351155347143, 0.011152910721414996, 0.006299903299426387
15 , 7 , 7 , 0.4853728883395138, 0.6604463653489727, 0.19868734053469597, 0.07641623158744441, 0.03553187307875004, 0.018425859939636288, 0.006902159672626985, 0.0035901698378736774
15 , 7 , 8 , 0.48434281005356405, 0.7068669038359078, 0.18425713063546237, 0.06319209909768812, 0.026649892054183433, 0.012800716559280969, 0.004215884068996275, 0.002017373748481012
15 , 7 , 9 , 0.484548825710754, 0.7472681456800443, 0.16886953309752215, 0.0516441629202073, 0.01975677095572472, 0.008792145591508458, 0.002548171297479225, 0.0011210704575139068
15 , 7 , 10 , 0.484548825710754, 0.7822513843082178, 0.15330532948778697, 0.041806493262273405, 0.014508939312602383, 0.0059831937919078955, 0.0015271480627805636, 0.0006175117744310109
15 , 8 , 0 , 0.47362999587968685, 0.17921404563237367, 0.1569634776691619, 0.13802289480257585, 0.12610558873872307, 0.1157616454650947, 0.10438319426621691, 0.09485234497373933, 0.08469680845211447
15 , 8 , 1 , 0.48084054388133496, 0.2481483607786184, 0.1852162282474384, 0.14358282652434365, 0.11988917764590201, 0.10051681966741094, 0.08120166504019587, 0.06776969844046697, 0.05367522365562372
15 , 8 , 2 , 0.48022249690976515, 0.3248314019540338, 0.20613503964068708, 0.1416189482532643, 0.10753427126814973, 0.08273143374225747, 0.05924674118679838, 0.045774881055101295, 0.0321272828997081
15 , 8 , 3 , 0.48866913885455293, 0.4026329937320054, 0.21839912309120116, 0.13332497253737927, 0.09182067565812325, 0.06508082593277909, 0.041043334879261824, 0.029397328900648244, 0.018300745268601655
15 , 8 , 4 , 0.4899052327976926, 0.4768595281354654, 0.2222601697709039, 0.1207493006950128, 0.07536443462075522, 0.04932653338615303, 0.027314625944832336, 0.018111363511860233, 0.010014043935016878
15 , 8 , 5 , 0.4861969509682736, 0.5449331160927916, 0.2190528787710507, 0.10601263572965722, 0.05996559782301358, 0.03629116093425876, 0.017632505777830983, 0.010801064979660059, 0.005311039891737068
15 , 8 , 6 , 0.48702101359703337, 0.6058454381672925, 0.2105327973267448, 0.09081675558300757, 0.04656855357918501, 0.02608142377575732, 0.011122237801595256, 0.006282577201011322, 0.002750216565406229
15 , 8 , 7 , 0.4853728883395138, 0.659522856524385, 0.19840951401930113, 0.07630937799886446, 0.035482188501670196, 0.01840009487354394, 0.0068925083130308646, 0.0035851496671212494, 0.0013983101020831113
15 , 8 , 8 , 0.48434281005356405, 0.706371415739447, 0.18412797306083342, 0.06314780372507448, 0.026631211445123842, 0.012791743720623834, 0.004212928886966093, 0.0020159596425540598, 0.0007009637793772491
15 , 8 , 9 , 0.484548825710754, 0.7470084541101012, 0.16881084734409907, 0.05162621547547079, 0.0197499050577203, 0.008789090133966313, 0.00254728575377128, 0.001120680861692523, 0.0003475212631785716
15 , 8 , 10 , 0.484548825710754, 0.7821177838679743, 0.15327914652424968, 0.04179935314591923, 0.014506461335929845, 0.005982171924334129, 0.0015268872416973423, 0.0006174063098112248, 0.00017078965008421803
15 , 9 , 0 , 0.4761021837659662, 0.16611101163957107, 0.14548726900331288, 0.12793150561484357, 0.11688552002089425, 0.1072978625610076, 0.09675133406282828, 0.08791732212937688, 0.07850429627308164, 0.0731138786950838
15 , 9 , 1 , 0.4796044499381953, 0.2369937363203172, 0.176890493339475, 0.13712857269200332, 0.11449998728788502, 0.09599844456462019, 0.07755153382000916, 0.06472335336936239, 0.05126244542602544, 0.04495143318030232
15 , 9 , 2 , 0.47939843428100537, 0.3164212071902818, 0.20079800688896082, 0.13795229863169306, 0.10475010643766883, 0.08058943802792572, 0.05771278655832745, 0.04458972573253144, 0.03129547690806636, 0.025890953624544515
15 , 9 , 3 , 0.48825710754017304, 0.3969631200353787, 0.2153236288752049, 0.13144749163871702, 0.0905276578432926, 0.06416435840809964, 0.040465363057579876, 0.028983356015956505, 0.018043034361041436, 0.01408198976472917
15 , 9 , 4 , 0.4896992171405027, 0.4733710038223181, 0.22063419826278416, 0.11986594438893791, 0.07481309686397947, 0.04896567908659667, 0.02711480245154745, 0.017978867612687948, 0.009940784969471558, 0.007315622541676747
15 , 9 , 5 , 0.4859909353110836, 0.5429332115295896, 0.21824895469495956, 0.10562356935120087, 0.05974552407597888, 0.03615797237180043, 0.017567794480740397, 0.010761425070641126, 0.005291548375067813, 0.0036700000500213903
15 , 9 , 6 , 0.48702101359703337, 0.6047587758684757, 0.21015517947381962, 0.09065386396378768, 0.046485026843960574, 0.026034643362568187, 0.011102288626873808, 0.006271308584701624, 0.002745283695622092, 0.0017936295801906502
15 , 9 , 7 , 0.4853728883395138, 0.658955941730084, 0.19823896452616166, 0.07624378373639464, 0.03545168860706874, 0.018384278460350793, 0.006886583628394887, 0.0035820679325500194, 0.0013971081381535732, 0.0008595832408417081
15 , 9 , 8 , 0.48434281005356405, 0.7060847282964935, 0.18405324300147222, 0.0631221745985367, 0.026620402918965724, 0.012786552071834873, 0.004211219030387864, 0.0020151414464843367, 0.000700679286673704, 0.000405859349151274
15 , 9 , 9 , 0.484548825710754, 0.7468669421361531, 0.16877886811260273, 0.05161643549555464, 0.019746163670264136, 0.008787425144109203, 0.002546803200415193, 0.0011204685618708674, 0.0003474554293585879, 0.00018943824967156375
15 , 9 , 10 , 0.484548825710754, 0.7820492490824636, 0.1532657151028925, 0.0417956903859291, 0.014505190175440023, 0.005981647723398483, 0.0015267534448539686, 0.0006173522082291462, 0.000170774684266558, 8.762719252667271e-05
15 , 10 , 0 , 0.4787803873094355, 0.1557386710282404, 0.1364027207014309, 0.11994317818211385, 0.10958692846924775, 0.10059794564180838, 0.0907099658139939, 0.08242756921197147, 0.07360231360282171, 0.06854848567414192, 0.06244222167423004
15 , 10 , 1 , 0.4791924186238154, 0.22859417220263842, 0.17062111650413014, 0.13226844323638062, 0.11044186322257131, 0.09259605468363603, 0.07480294184936553, 0.06242941950859681, 0.04944559488867718, 0.04335825839416318, 0.035442135509840725
15 , 10 , 2 , 0.48290070045323447, 0.31058786694765655, 0.19709622247125852, 0.13540909774351975, 0.10281900005984414, 0.07910374237515234, 0.0566488303104823, 0.04376769789239971, 0.030718533388771455, 0.025413644461112397, 0.01843536434980252
15 , 10 , 3 , 0.48825710754017304, 0.39341020473599875, 0.21339643066276068, 0.1302710050067666, 0.08971741355529966, 0.06359007198412191, 0.0401031883359425, 0.028723948016029104, 0.017881544868464633, 0.013955952572973713, 0.008950240261642296
15 , 10 , 4 , 0.49134734239802225, 0.47141671001351226, 0.2197233185423584, 0.11937108249184081, 0.07450423389853826, 0.04876352618179068, 0.027002860042476703, 0.017904642555858892, 0.009899744824720329, 0.0072854202780743196, 0.004128461170829438
15 , 10 , 5 , 0.4859909353110836, 0.541936804340284, 0.21784841771761418, 0.10542972583307103, 0.05963587731201021, 0.0360916141847422, 0.017535553541440922, 0.01074167538306215, 0.005281837167999087, 0.0036632647567002214, 0.0018352297630758164
15 , 10 , 6 , 0.48702101359703337, 0.604278371310179, 0.2099882376945116, 0.09058185090473322, 0.04644810035416336, 0.026013962122650856, 0.011093469259097585, 0.00626632682114837, 0.0027431029140398606, 0.0017922047677531169, 0.0007943738517231215
15 , 10 , 7 , 0.4853728883395138, 0.6587337366215795, 0.19817211679360874, 0.07621807373495317, 0.03543973401982573, 0.018378079137568806, 0.0068842614184212, 0.0035808600311690057, 0.0013966370223395966, 0.0008592933826359155, 0.0003372078378982664
15 , 10 , 8 , 0.48434281005356405, 0.7059851193046925, 0.18402727818845882, 0.06311326980864783, 0.026616647517702402, 0.012784748243621047, 0.0042106249440642595, 0.0020148571658606985, 0.0007005804402403751, 0.00040580209364242614, 0.00014107229306959318
15 , 10 , 9 , 0.484548825710754, 0.7468233521538585, 0.16876901753893345, 0.05161342296499015, 0.019745011209412393, 0.008786912276716635, 0.002546654559340034, 0.001120403167084351, 0.0003474351505445463, 0.0001894271933382402, 5.836378578168027e-05
15 , 10 , 10 , 0.484548825710754, 0.7820305293836497, 0.15326204642347857, 0.04179468993395553, 0.014504842968686933, 0.005981504542339555, 0.0015267168993756664, 0.0006173374308387729, 0.00017077059647981757, 8.762509501860667e-05, 2.3936726176867583e-05
322 , 2 , 0 , 0.48287455347762137, 0.53518217334914, 0.46481782665086013
322 , 2 , 1 , 0.480353015339357, 0.5768311271683181, 0.4231688728316819
322 , 2 , 2 , 0.47804160537928136, 0.6177299119429921, 0.38227008805700796
322 , 2 , 3 , 0.47783147720109265, 0.6555709103744843, 0.3444290896255157
322 , 2 , 4 , 0.47678083631014917, 0.6902732143282905, 0.3097267856717096
322 , 2 , 5 , 0.4729985291027527, 0.7221489378728351, 0.27785106212716487
322 , 2 , 6 , 0.4723681445681866, 0.7514565846253018, 0.2485434153746982
322 , 2 , 7 , 0.4723681445681866, 0.778361527008264, 0.22163847299173603
322 , 2 , 8 , 0.4723681445681866, 0.8029747966509714, 0.1970252033490286
322 , 2 , 9 , 0.4723681445681866, 0.8253890368572219, 0.1746109631427781
322 , 2 , 10 , 0.4723681445681866, 0.845699141320968, 0.15430085867903207
322 , 3 , 0 , 0.4717377600336205, 0.3800942632401598, 0.3301204676832959, 0.2897852690765443
322 , 3 , 1 , 0.4687959655389788, 0.4350886321809557, 0.3191852127775165, 0.2457261550415278
322 , 3 , 2 , 0.470687119142677, 0.4906608182408241, 0.30363586183660046, 0.2057033199225755
322 , 3 , 3 , 0.4717377600336205, 0.543710834490706, 0.28565914804884324, 0.17063001746045076
322 , 3 , 4 , 0.47509981088463965, 0.5933392291452131, 0.2662323387919922, 0.1404284320627948
322 , 3 , 5 , 0.47446942635007355, 0.6393072004222874, 0.24597721515192453, 0.11471558442578811
322 , 3 , 6 , 0.47383904181550746, 0.6815436355135055, 0.22541978653611344, 0.09303657795038113
322 , 3 , 7 , 0.47047699096448836, 0.7200359157102818, 0.20503025306327083, 0.0749338312264474
322 , 3 , 8 , 0.47047699096448836, 0.7548260308053582, 0.18521098399706482, 0.05996298519757692
322 , 3 , 9 , 0.47047699096448836, 0.7860192063680544, 0.16628227968141124, 0.04769851395053425
322 , 3 , 10 , 0.47047699096448836, 0.8137823850282533, 0.14847753137317313, 0.03774008359857352
322 , 4 , 0 , 0.4729985291027527, 0.3003489362847562, 0.26085984689497765, 0.2289871374962915, 0.2098040793239747
322 , 4 , 1 , 0.46963647825173355, 0.3604158831034819, 0.2644045645599147, 0.20355302947580328, 0.17162652286080013
322 , 4 , 2 , 0.472788400924564, 0.4233197082885235, 0.2619631315160451, 0.17747141435872213, 0.1372457458367092
322 , 4 , 3 , 0.4753099390628283, 0.4851224211304624, 0.2548774987155034, 0.1522435124278504, 0.1077565677261838
322 , 4 , 4 , 0.4765707081319605, 0.543900371127885, 0.24404903765388838, 0.12872750117314785, 0.08332309004507879
322 , 4 , 5 , 0.4746795545282622, 0.5986609713558765, 0.23033833884080368, 0.10742213314137739, 0.06357855666194241
322 , 4 , 6 , 0.47320865728094136, 0.6488713010716574, 0.2146134488758602, 0.08857652281712067, 0.04793872723536179
322 , 4 , 7 , 0.470687119142677, 0.6942858270115335, 0.1976979143741131, 0.07225403045748086, 0.03576222815687256
322 , 4 , 8 , 0.47047699096448836, 0.734878498507173, 0.18031647594546785, 0.05837836366214169, 0.026426661885217508
322 , 4 , 9 , 0.47047699096448836, 0.7707968661430481, 0.16306199522238707, 0.04677476679308404, 0.019366371841480812
322 , 4 , 10 , 0.47047699096448836, 0.8023157266608875, 0.14638539819498295, 0.03720830427606047, 0.014090570868068987
322 , 5 , 0 , 0.47446942635007355, 0.2522556711601895, 0.2190897579702543, 0.19232065467153733, 0.17620927677211148, 0.1601246394259074
322 , 5 , 1 , 0.4740491699936962, 0.31587338514408775, 0.23172775887657904, 0.1783966453509577, 0.15041582043980858, 0.1235863901885667
322 , 5 , 2 , 0.4711073754990544, 0.3839859774891989, 0.2376222206332362, 0.16098124699758462, 0.12449323959994829, 0.09291731528003185
322 , 5 , 3 , 0.4723681445681866, 0.451979300268037, 0.23746450072348196, 0.14184237466732563, 0.10039473740808262, 0.06831908693307279
322 , 5 , 4 , 0.477621349022904, 0.5171101360337219, 0.23202821281114222, 0.1223869281517766, 0.07921894654826891, 0.04925577645509039
322 , 5 , 5 , 0.47425929817188484, 0.5777664268080318, 0.22229903961765746, 0.10367287161654677, 0.06135952945286449, 0.03490213250489941
322 , 5 , 6 , 0.47320865728094136, 0.633065859548741, 0.20938581697016947, 0.08641894388066958, 0.04677101840197966, 0.024358361198440443
322 , 5 , 7 , 0.470687119142677, 0.6826380284795444, 0.19438120332059172, 0.07104184902279508, 0.03516225734887166, 0.01677666182819724
322 , 5 , 8 , 0.47047699096448836, 0.726483057613396, 0.17825649416757433, 0.057711434227442966, 0.026124756905931034, 0.01142425708565558
322 , 5 , 9 , 0.47047699096448836, 0.7648581475790092, 0.1618056599405853, 0.046414383677809354, 0.01921716076263538, 0.007704648039960821
322 , 5 , 10 , 0.47047699096448836, 0.7981806325368623, 0.14563093535733213, 0.037016534583348915, 0.014017948788181644, 0.005153948734275042
322 , 6 , 0 , 0.4816137844084892, 0.2203104102988752, 0.19134457611482075, 0.1679654698931482, 0.1538944115134796, 0.13984670730547133, 0.12663842487420487
322 , 6 , 1 , 0.4729985291027527, 0.2869533461554323, 0.2105117396212682, 0.16206339860831132, 0.13664438037484572, 0.1122713399475078, 0.0915557952926345
322 , 6 , 2 , 0.470687119142677, 0.35968515078910945, 0.2225841287699418, 0.15079343386224417, 0.11661459606033431, 0.08703697665199063, 0.0632857138663797
322 , 6 , 3 , 0.4763605799537718, 0.43292779166064055, 0.2274550667144815, 0.13586353621111125, 0.0961629701507589, 0.0654393495823127, 0.04215128568069509
322 , 6 , 4 , 0.47930237444841356, 0.5030184477239202, 0.2257052478832776, 0.1190517809084199, 0.07706016329264524, 0.04791351491177077, 0.027250845279966174
322 , 6 , 5 , 0.47488968270645093, 0.5678264593613807, 0.21847457852982563, 0.10188927028363799, 0.06030389226627908, 0.03430167175672252, 0.01720412780215406
322 , 6 , 6 , 0.47320865728094136, 0.6263191962261431, 0.20715436570757775, 0.08549796621261047, 0.04627257371466663, 0.024098771047408814, 0.010657127091593305
322 , 6 , 7 , 0.470687119142677, 0.6781997174597847, 0.19311739409707177, 0.07057995588436712, 0.03493364272770808, 0.01666758492366073, 0.006501704907407732
322 , 6 , 8 , 0.47047699096448836, 0.7236366200183001, 0.17755806633608337, 0.05748531471325679, 0.026022397340294486, 0.011379495635924032, 0.003918105956141309
322 , 6 , 9 , 0.47047699096448836, 0.7630700667417306, 0.16142739162926037, 0.04630587640716, 0.019172234998275906, 0.0076866361595086755, 0.002337794064064507
322 , 6 , 10 , 0.47047699096448836, 0.7970762161865195, 0.14542943061068447, 0.036965316019069355, 0.013998552612416391, 0.005146817384529344, 0.0013836671867810068
322 , 7 , 0 , 0.47972263080479094, 0.1975977111689674, 0.1716180830201638, 0.15064922425262675, 0.13802880869544984, 0.12542933963306432, 0.11358275293135485, 0.10309408029837311
322 , 7 , 1 , 0.4734187854591301, 0.26660464421678487, 0.19558373581319133, 0.15057100851202693, 0.1269545272851803, 0.10430985051568507, 0.0850633057847373, 0.07091292787239424
322 , 7 , 2 , 0.47152763185543184, 0.34293416194863435, 0.21221810657269097, 0.14377079441685123, 0.11118370798237438, 0.08298355542677445, 0.06033841875449714, 0.046571254898177435
322 , 7 , 3 , 0.47615045177558313, 0.4202547844975499, 0.22079682082378782, 0.13188643055792268, 0.09334801109056351, 0.06352375681607918, 0.04091739967093294, 0.0292727965431641
322 , 7 , 4 , 0.477621349022904, 0.49410422195358317, 0.22170541935542476, 0.11694200847718055, 0.07569454400650848, 0.0470644170480421, 0.02676792027321592, 0.01772146888604505
322 , 7 , 5 , 0.47509981088463965, 0.5619167306055112, 0.2162007755430857, 0.10082884426682256, 0.0596762715551503, 0.0339446725844957, 0.017025073573315123, 0.010407631871619362
322 , 7 , 6 , 0.47320865728094136, 0.6225813303188138, 0.20591807078655175, 0.08498771531336834, 0.045996419516004916, 0.02395494985327334, 0.010593525477162725, 0.005967988734825176
322 , 7 , 7 , 0.46984660642992226, 0.6759216284715062, 0.19246870817503636, 0.07034287613309874, 0.03481629979055247, 0.016611598109301472, 0.006479865525917161, 0.003359023794587583
322 , 7 , 8 , 0.47047699096448836, 0.7222882366274823, 0.17722721471657943, 0.05737819984169714, 0.025973908682591286, 0.011358291729861806, 0.003910805179964973, 0.0018633432218229087
322 , 7 , 9 , 0.47047699096448836, 0.7622902262361809, 0.16126241645293596, 0.0462585528392757, 0.019152641403806108, 0.007678780589629275, 0.0023354048909269153, 0.0010219775872451092
322 , 7 , 10 , 0.47047699096448836, 0.79663341180291, 0.14534863935361306, 0.036944780462154304, 0.01399077591510646, 0.005143958143147101, 0.0013828985101051181, 0.0005555358129639889
322 , 8 , 0 , 0.47678083631014917, 0.18079821402143348, 0.15702733964005797, 0.13784122562684484, 0.12629378117797913, 0.11476550238050849, 0.10392609687703079, 0.09432915737666975, 0.08501868289947555
322 , 8 , 1 , 0.472788400924564, 0.25214643304080375, 0.18497705278527204, 0.14240540642944433, 0.12006966835621655, 0.09865303290501166, 0.08045024571603968, 0.06706725560625433, 0.05423090516095766
322 , 8 , 2 , 0.47320865728094136, 0.33173604184654026, 0.2052883687135742, 0.13907612470564498, 0.10755313204819052, 0.08027382299624759, 0.05836813718165654, 0.045050524205463356, 0.03265384830268283
322 , 8 , 3 , 0.47446942635007355, 0.4124058476533472, 0.21667308359113585, 0.1294232384606049, 0.09160458621926021, 0.06233734806179943, 0.04015320114733656, 0.028726079789906576, 0.018676615076609317
322 , 8 , 4 , 0.47846186173565874, 0.48904392516006323, 0.21943485542820018, 0.11574436384227697, 0.07491932930220323, 0.04658241364046775, 0.026493780496401952, 0.017539977030285196, 0.010241355100101521
322 , 8 , 5 , 0.4753099390628283, 0.5588629278204492, 0.21502580691425077, 0.10028087801373747, 0.05935195381491326, 0.033760196255474016, 0.016932548801825834, 0.010351070367993164, 0.0054346180113562445
322 , 8 , 6 , 0.47320865728094136, 0.6208301724067404, 0.20533887728793243, 0.08474866717166478, 0.045867043657734995, 0.02388757086529878, 0.010563728669817822, 0.005951202348560214, 0.0028127375922505165
322 , 8 , 7 , 0.46984660642992226, 0.6749561501910434, 0.19219378819977284, 0.07024239921949253, 0.03476656860896344, 0.016587870303439563, 0.006470609764357894, 0.0033542258056191345, 0.001428387907311068
322 , 8 , 8 , 0.47047699096448836, 0.7217718613457048, 0.1771005121783603, 0.05733717925935847, 0.025955339524565444, 0.011350171507498747, 0.003908009283500826, 0.0018620110882893522, 0.0007149158127221523
322 , 8 , 9 , 0.47047699096448836, 0.7620205137362543, 0.16120535880226394, 0.046242185700527204, 0.019145864842061627, 0.0076760636938383794, 0.0023345785811179592, 0.0010216159925136813, 0.0003538186514228293
322 , 8 , 10 , 0.47047699096448836, 0.7964951383965374, 0.1453234108719541, 0.03693836787571341, 0.01398834750549355, 0.005143065295066697, 0.0013826584773817812, 0.0005554393873963305, 0.00017357219045670017
322 , 9 , 0 , 0.47552006724101703, 0.16759856436626977, 0.14556314525767347, 0.12777776401491078, 0.11707337115237115, 0.1063867447023947, 0.09633869853779173, 0.08744240887433288, 0.07881167010076152, 0.073007632993494
322 , 9 , 1 , 0.47615045177558313, 0.24082152843739435, 0.17666899364936348, 0.13600941016894966, 0.11467685940983782, 0.09422213069864793, 0.07683690347254288, 0.06405499696514268, 0.05179517834897091, 0.044913998849150254
322 , 9 , 2 , 0.4719478882118092, 0.3231548586871033, 0.19997807115704833, 0.1354785725898966, 0.10477100104926633, 0.0781973396144452, 0.056858299200105246, 0.043885179621608685, 0.031809174773735446, 0.025867503306790822
322 , 9 , 3 , 0.4759403235973944, 0.40661680624964425, 0.21363159070470417, 0.12760649291657788, 0.0903187103147078, 0.0614623035129041, 0.03958956087586031, 0.028322844806178128, 0.01841444687852521, 0.014037243740898203
322 , 9 , 4 , 0.4772010926665266, 0.4854935208396085, 0.21784178286625583, 0.11490407267759435, 0.07437542333229101, 0.04624423051594057, 0.026301438606651857, 0.017412638754471035, 0.01016700400498855, 0.007259888402198434
322 , 9 , 5 , 0.4765707081319605, 0.5568398776136605, 0.2142474264179489, 0.09991786726296133, 0.059137103309592154, 0.03363798637427822, 0.01687125399294177, 0.010313600115440786, 0.005414945020817334, 0.003619939892358871
322 , 9 , 6 , 0.47320865728094136, 0.6197396035010743, 0.20497817285599165, 0.08459979512044351, 0.04578647223282273, 0.02384560924169413, 0.010545172107127106, 0.005940748287980404, 0.002807796653014035, 0.0017566299998520811
322 , 9 , 7 , 0.46984660642992226, 0.6743922801781258, 0.19203322619319543, 0.0701837175072757, 0.03473752401770507, 0.016574012510397987, 0.0064652041053240026, 0.0033514236275110653, 0.0014271946074092155, 0.0008354172530556298
322 , 9 , 8 , 0.47047699096448836, 0.721489406386397, 0.17703120645913537, 0.05731474118505737, 0.025945182278527483, 0.01134572978234467, 0.003906479940695721, 0.0018612824172308164, 0.0007146360407780258, 0.0003913355098335146
322 , 9 , 9 , 0.47047699096448836, 0.76188243078117, 0.16117614736773644, 0.046233806322865584, 0.01914239548978548, 0.007674672742360294, 0.002334155540656725, 0.0010214308692096065, 0.00035375453723672, 0.0001812063489791962
322 , 9 , 10 , 0.47047699096448836, 0.7964289041502737, 0.14531132619476228, 0.036935296187191186, 0.013987184274712954, 0.005142637612537713, 0.0013825434994767048, 0.0005553931986532593, 0.00017355775669217668, 8.315712569987193e-05
322 , 10 , 0 , 0.4799327589829796, 0.15714121461463784, 0.13648070038913027, 0.1198050419702009, 0.10976855208441567, 0.09974872007194367, 0.09032762398571337, 0.08198642029721166, 0.07389419839167977, 0.06845230547241002, 0.06239522272265692
322 , 10 , 1 , 0.4759403235973944, 0.23227676553299664, 0.17040047325137092, 0.13118356187292152, 0.11060792678311164, 0.0908789671019774, 0.07411059770271022, 0.061782215268841124, 0.04995739614795905, 0.043320372757066995, 0.03548172358104456
322 , 10 , 2 , 0.4746795545282622, 0.31717316991981087, 0.1962764199214728, 0.13297082550183148, 0.10283165988428583, 0.07674988451534898, 0.05580583583614817, 0.04307285240777657, 0.031220377860035536, 0.02538868842962398, 0.01851028572366583
322 , 10 , 3 , 0.47552006724101703, 0.40295582253986656, 0.21170815379447325, 0.12645758494069703, 0.0895055237418205, 0.060908926258277825, 0.03923311535954834, 0.02806783942554474, 0.0182486519851224, 0.01391085909600582, 0.009003522858643372
322 , 10 , 4 , 0.47804160537928136, 0.48347689034972935, 0.21693691727600728, 0.11442678709822042, 0.07406648461332652, 0.04605214242158148, 0.026192188367982913, 0.017340310583826228, 0.010124772565457263, 0.007229732464628774, 0.0041537742592396825
322 , 10 , 5 , 0.4763605799537718, 0.5558131299211326, 0.21385237918886366, 0.0997336303866481, 0.05902806139861521, 0.033575961856499845, 0.016840145371228223, 0.010294583041509755, 0.005404960494692339, 0.0036132651460254544, 0.0018438831947849314
322 , 10 , 6 , 0.47320865728094136, 0.6192462693897474, 0.20481500315671972, 0.08453245076402531, 0.045750024620857845, 0.023826627313842292, 0.010536777786221677, 0.005936019247330559, 0.0028055615499824956, 0.001755231661751863, 0.0007960345095208057
322 , 10 , 7 , 0.46984660642992226, 0.6741651748698839, 0.19196855794848317, 0.07016008275452679, 0.03472582596550428, 0.016568431120563443, 0.0064630269122955, 0.0033502950171778387, 0.001426713991778323, 0.0008351359217025659, 0.0003367554980841389
322 , 10 , 8 , 0.47047699096448836, 0.72138815897953, 0.17700636347403562, 0.057306698144004846, 0.025941541362384316, 0.011344137623529907, 0.0039059317400424814, 0.0018610212214092876, 0.0007145357551115166, 0.00039128059328837425, 0.00014033110666378804
322 , 10 , 9 , 0.47047699096448836, 0.7618383827602082, 0.1611668290136132, 0.046231133328217114, 0.019141288777511322, 0.007674229033290254, 0.0023340205921032835, 0.0010213718154679179, 0.00035373408501649593, 0.00018119587258454468, 5.781472198765809e-05
322 , 10 , 10 , 0.47047699096448836, 0.7964101002268711, 0.1453078953511861, 0.036934424133879075, 0.013986854033131844, 0.005142516193335135, 0.0013825108572137592, 0.000555380085654773, 0.00017355365894194125, 8.315516233543385e-05, 2.3610297450740687e-05
9 , 2 , 0 , 0.4802970909841139, 0.5337137874531448, 0.46628621254685515
9 , 2 , 1 , 0.4784402723334021, 0.5742793466503736, 0.4257206533496264
9 , 2 , 2 , 0.4807097173509387, 0.6140307440214037, 0.3859692559785964
9 , 2 , 3 , 0.4805034041675263, 0.6508481777201085, 0.34915182227989155
9 , 2 , 4 , 0.4811223437177636, 0.6847244198997257, 0.3152755801002744
9 , 2 , 5 , 0.47658345368269034, 0.715978100076733, 0.284021899923267
9 , 2 , 6 , 0.47637714049927793, 0.7448523594249671, 0.2551476405750329
9 , 2 , 7 , 0.47637714049927793, 0.7714916523444495, 0.22850834765555053
9 , 2 , 8 , 0.47637714049927793, 0.795985284795666, 0.20401471520433387
9 , 2 , 9 , 0.47637714049927793, 0.8184044991212523, 0.18159550087874765
9 , 2 , 10 , 0.47637714049927793, 0.8388234331066445, 0.1611765668933554
9 , 3 , 0 , 0.47905921188363937, 0.378761491100306, 0.3309100594656614, 0.2903284494340326
9 , 3 , 1 , 0.4792655250670518, 0.4325156569409929, 0.32062940993925876, 0.2468549331197484
9 , 3 , 2 , 0.4792655250670518, 0.48665923237737313, 0.305905695544771, 0.2074350720778559
9 , 3 , 3 , 0.4743140086651537, 0.5383968593862153, 0.28882656662399375, 0.17277657398979096
9 , 3 , 4 , 0.47885289870022696, 0.5869647113847506, 0.27026294740182905, 0.14277234121342045
9 , 3 , 5 , 0.47905921188363937, 0.63214965350958, 0.25076792936309295, 0.1170824171273271
9 , 3 , 6 , 0.4743140086651537, 0.6738631603087831, 0.2308304367269654, 0.09530640296425147
9 , 3 , 7 , 0.4743140086651537, 0.7120613576501181, 0.21090567055586895, 0.07703297179401292
9 , 3 , 8 , 0.4741076954817413, 0.7467516711680277, 0.19139591199950684, 0.06185241683246553
9 , 3 , 9 , 0.4741076954817413, 0.7780050669185754, 0.17263128436483247, 0.0493636487165921
9 , 3 , 10 , 0.4741076954817413, 0.8059560130257745, 0.15486122361344645, 0.039182763360779006
9 , 4 , 0 , 0.47617082731586546, 0.29912039046772354, 0.2613305431592882, 0.22928191275811005, 0.2102671536148782
9 , 4 , 1 , 0.47658345368269034, 0.3582207363579149, 0.2655536313732494, 0.20445168746299633, 0.17177394480583938
9 , 4 , 2 , 0.481328656901176, 0.41997587129781566, 0.2639896717746455, 0.1790117588195261, 0.1370226981080127
9 , 4 , 3 , 0.48586754693624923, 0.4806287386688733, 0.2578364750656921, 0.1542382452284563, 0.10729654103697835
9 , 4 , 4 , 0.4823602228182381, 0.5383915118813885, 0.247897827646187, 0.13095747521071988, 0.08275318526170465
9 , 4 , 5 , 0.47905921188363937, 0.5923321368872673, 0.2349726882516034, 0.10970769017102872, 0.06298748469010061
9 , 4 , 6 , 0.47658345368269034, 0.6419352485447277, 0.2198935963559166, 0.09079074666544135, 0.04738040843391445
9 , 4 , 7 , 0.4743140086651537, 0.686950531686637, 0.20346808736012115, 0.07431640597088782, 0.035264974982354085
9 , 4 , 8 , 0.4743140086651537, 0.7273349703583063, 0.18641932165098432, 0.060244158132341914, 0.026001549858367456
9 , 4 , 9 , 0.4741076954817413, 0.7632122740840792, 0.16934891650512576, 0.048425060704686024, 0.019013748706108887
9 , 4 , 10 , 0.4741076954817413, 0.7948299788652987, 0.152723400660114, 0.038641854481631835, 0.01380476599295549
9 , 5 , 0 , 0.48401072828553743, 0.25085815432925257, 0.21916559290488344, 0.19228791914065793, 0.17634113805953008, 0.16134719556567587
9 , 5 , 1 , 0.4792655250670518, 0.313209360785692, 0.23218612072093273, 0.17876179640774212, 0.15019009786892457, 0.12565262421670864
9 , 5 , 2 , 0.47988446461728906, 0.3798899104661853, 0.23879232029348724, 0.16192540019075768, 0.12394412173068445, 0.09544824731888525
9 , 5 , 3 , 0.483804415102125, 0.4465163863198497, 0.23953667736693576, 0.1432912731820617, 0.09968122984311446, 0.07097443328803835
9 , 5 , 4 , 0.48524860738601194, 0.5105135973579025, 0.23506167719218352, 0.12417649664857783, 0.0784682250155668, 0.051780003785769364
9 , 5 , 5 , 0.4792655250670518, 0.5703342491938226, 0.22624632936400346, 0.10563339249720517, 0.060648270711978224, 0.03713775823299047
9 , 5 , 6 , 0.47678976686610275, 0.6250938705438313, 0.214124617031946, 0.08840882218472154, 0.046137368158323304, 0.026235322081178007
9 , 5 , 7 , 0.4743140086651537, 0.6743871974781656, 0.1997469495717232, 0.07295726611686351, 0.03462002946427708, 0.018288557368970546
9 , 5 , 8 , 0.4743140086651537, 0.7181683696557676, 0.18406987943469644, 0.059484901167201565, 0.025673852394465617, 0.01260299734786864
9 , 5 , 9 , 0.4741076954817413, 0.7566486206262011, 0.16789250963237615, 0.04800860341237667, 0.01885022977215395, 0.008600036556892093
9 , 5 , 10 , 0.4741076954817413, 0.7902040894834109, 0.15183455452171105, 0.03841695991414553, 0.013724422621266968, 0.005819973459465338
9 , 6 , 0 , 0.4792655250670518, 0.2191082679800232, 0.19142687863029423, 0.16795098022245913, 0.15402250501749487, 0.1409262722926507, 0.12656509585707784
9 , 6 , 1 , 0.4782339591499897, 0.28458606318990803, 0.21096730269345193, 0.1624252728616346, 0.13646465921519446, 0.11416959431102337, 0.09138710772878766
9 , 6 , 2 , 0.4800907778007015, 0.3559096990125887, 0.2237187682553726, 0.15170400386166122, 0.11612025969684645, 0.08942316191775215, 0.06312410725577904
9 , 6 , 3 , 0.4864864864864865, 0.4277331276011731, 0.22946027363017907, 0.13726355026127954, 0.0954880168124188, 0.06798880681673033, 0.04206622487821919
9 , 6 , 4 , 0.48772436558696103, 0.49660491083822106, 0.22865753987281445, 0.12079337037350109, 0.07633039764106671, 0.05036928359266379, 0.02724449768173291
9 , 6 , 5 , 0.47782133278316485, 0.5604974240172842, 0.22234415166380075, 0.10381148329871301, 0.05960224123523552, 0.03649722571068303, 0.017247474074283543
9 , 6 , 6 , 0.47678976686610275, 0.6183928104081174, 0.2118291826932491, 0.0874610719956248, 0.045642771597543465, 0.025954077168634005, 0.010720086136831198
9 , 6 , 7 , 0.4743140086651537, 0.669960215223906, 0.1984357203483309, 0.07247834165973845, 0.03439276794944377, 0.01816850301557122, 0.006564451803009723
9 , 6 , 8 , 0.4743140086651537, 0.7153163993008754, 0.1833389062232933, 0.05924867637385139, 0.02557189710233252, 0.012552948673573084, 0.00397117232607423
9 , 6 , 9 , 0.4741076954817413, 0.7548488643577418, 0.16749316231511147, 0.04789441066479121, 0.01880539281841897, 0.008579580602460375, 0.002378589241476101
9 , 6 , 10 , 0.4741076954817413, 0.7890874364551688, 0.15161999410941834, 0.03836267214822399, 0.013705028368201796, 0.005811749139854435, 0.0014131197791326681
9 , 7 , 0 , 0.4805034041675263, 0.1965157723319225, 0.17168864162873793, 0.1506333690489892, 0.1381410743147632, 0.1263952086188329, 0.11351482895608124, 0.10311110510067303
9 , 7 , 1 , 0.47617082731586546, 0.2644212698332589, 0.19601888246462912, 0.1509163745465211, 0.12679524103387965, 0.10607992803893394, 0.08491173039598292, 0.0708565736867943
9 , 7 , 2 , 0.4817412832680008, 0.3393533513283736, 0.21331173040001228, 0.144646977205789, 0.11071853167973193, 0.08526334001956495, 0.0601876751498765, 0.046518394216651694
9 , 7 , 3 , 0.48751805240354856, 0.4152183964436172, 0.22274666308539784, 0.13324745630363397, 0.09269420267444231, 0.0659995719781695, 0.04083543993033127, 0.029258269584407897
9 , 7 , 4 , 0.48793067877037344, 0.4877955603752414, 0.2246013488026407, 0.11865059830258966, 0.07497636104351342, 0.04947577516765322, 0.026761203370643007, 0.01773915293771852
9 , 7 , 5 , 0.47864658551681455, 0.5546459153479925, 0.22002291221601797, 0.10272770705201824, 0.0589800028156653, 0.03611620017247979, 0.017067413043234343, 0.010439849352591892
9 , 7 , 6 , 0.47678976686610275, 0.6146817119688675, 0.21055795357152615, 0.08693620068032935, 0.04536886023314148, 0.02579832158149002, 0.010655752764481479, 0.00600119920016418
9 , 7 , 7 , 0.4743140086651537, 0.6676912692149631, 0.19776368053842808, 0.07223288015278496, 0.03427629038585755, 0.018106971970195028, 0.006542220054944086, 0.0033866876828272784
9 , 7 , 8 , 0.4743140086651537, 0.7139688603005969, 0.1829935257362294, 0.059137061566469626, 0.025523723834270273, 0.012529300973169323, 0.003963691287485782, 0.0018838363017788721
9 , 7 , 9 , 0.4741076954817413, 0.7540667914759847, 0.16731962842468867, 0.04784478891726367, 0.01878590919931799, 0.008570691594816509, 0.002376124867175066, 0.0010360655207534515
9 , 7 , 10 , 0.4741076954817413, 0.7886418117588798, 0.15153436910681187, 0.038341007433600784, 0.013697288669381292, 0.005808467046102649, 0.001412321742003723, 0.0005647342432199365
9 , 8 , 0 , 0.47658345368269034, 0.17991263423517356, 0.15718308722577565, 0.13790672325042305, 0.1264698720165205, 0.1157163858527847, 0.10392423803901492, 0.0943994994265755, 0.08448755995373215
9 , 8 , 1 , 0.47740870641634, 0.25031513998213806, 0.18556182728501044, 0.14286541110717033, 0.12003107211637797, 0.10042086271313923, 0.08038192878203924, 0.06707657508886111, 0.05334718292526377
9 , 8 , 2 , 0.4802970909841139, 0.3285720812264503, 0.20653480784319936, 0.1400515367170387, 0.10720099931808329, 0.08255452015689212, 0.05827551020422408, 0.04504050289541662, 0.03177004163869555
9 , 8 , 3 , 0.48710542603672374, 0.40775080741203257, 0.21874062541387015, 0.1308510373306231, 0.09102712285062853, 0.06481258776935024, 0.04010102573785757, 0.028732067626827593, 0.0179847258588104
9 , 8 , 4 , 0.48772436558696103, 0.48302943371224166, 0.22240682600658537, 0.11749129340913743, 0.07424378604182591, 0.04899235992087762, 0.026499726442030216, 0.01756582817492205, 0.009770746292379789
9 , 8 , 5 , 0.47885289870022696, 0.5517942847379316, 0.21889169668912156, 0.10219954761583927, 0.058676765783249894, 0.03593051402736237, 0.016979663442776564, 0.010386174398618869, 0.005141353305099921
9 , 8 , 6 , 0.47678976686610275, 0.61305882636695, 0.21000203745339946, 0.08670667130664371, 0.04524907715091557, 0.02573020872921706, 0.01062761939496474, 0.005985354805275217, 0.0026402047926342796
9 , 8 , 7 , 0.4743140086651537, 0.6668026872547229, 0.1975004911768115, 0.07213675064322914, 0.034230674553045584, 0.01808287471239599, 0.006533513488019108, 0.0033821805854324593, 0.0013308275863432304
9 , 8 , 8 , 0.4743140086651537, 0.7134967118790202, 0.18287251190900436, 0.05909795416021707, 0.025506844966584626, 0.01252101533215004, 0.003961070093917216, 0.0018825905186841412, 0.0006613011404224008
9 , 8 , 9 , 0.4741076954817413, 0.7538217365418091, 0.16726525326724803, 0.0478292404251025, 0.01877980419668875, 0.008567906310692404, 0.0023753526794464365, 0.0010357288225048861, 0.00032497775650782964
9 , 8 , 10 , 0.4741076954817413, 0.7885169597018541, 0.15151037928353966, 0.0383349375631304, 0.013695120213886951, 0.0058075474916899775, 0.001412098153459369, 0.0005646448385866419, 0.00015831275385291786
9 , 9 , 0 , 0.47596451413245305, 0.16680988231954852, 0.1457356921831251, 0.1278631952351083, 0.11725927174445958, 0.10728894492930768, 0.0963556005454017, 0.08752453354547352, 0.07833446490992327, 0.0728284145876521
9 , 9 , 1 , 0.47988446461728906, 0.23914731320930657, 0.17728297390473308, 0.13649146120070377, 0.11467587777676586, 0.09594057918238305, 0.07679568363375112, 0.06408394918872175, 0.05096709477809627, 0.044615067125538255
9 , 9 , 2 , 0.47885289870022696, 0.3201676760169172, 0.20125194203026137, 0.13646921815731514, 0.10445895065171837, 0.08044289327523559, 0.056784905769060555, 0.043888431070687225, 0.030957409285824508, 0.025578573742980067
9 , 9 , 3 , 0.4866927996698989, 0.4021126552031362, 0.21571600126122617, 0.12904170169780832, 0.08976845023874834, 0.06391639522171275, 0.03954653097603055, 0.02833477651762401, 0.01773604303591139, 0.01382744584780242
9 , 9 , 4 , 0.48772436558696103, 0.4795849692734986, 0.2208208514268564, 0.11665346748431318, 0.07371435643988312, 0.04864299727392223, 0.026310757905134655, 0.0174405669252704, 0.009701071473837862, 0.007130961797283465
9 , 9 , 5 , 0.4782339591499897, 0.5498363150936294, 0.21811498821391573, 0.10183690592592846, 0.05846855897609884, 0.03580301931109464, 0.016919413334155062, 0.010349320421049203, 0.005123109887252547, 0.003548368836876117
9 , 9 , 6 , 0.47678976686610275, 0.612004785724874, 0.20964097800380233, 0.08655759531006288, 0.04517127977767169, 0.02568597042031904, 0.010609347179820487, 0.005975064100776301, 0.002635665451489024, 0.001719314031184014
9 , 9 , 7 , 0.4743140086651537, 0.6662581075417149, 0.19733919194563876, 0.07207783634713165, 0.034202718260612545, 0.018068106375511143, 0.006528177548366184, 0.0033794183486156376, 0.0013297406955451682, 0.0008167029368640871
9 , 9 , 8 , 0.4743140086651537, 0.7132240315272645, 0.18280262267189365, 0.059075368420634856, 0.02549709689719682, 0.012516230117573458, 0.003959556273365334, 0.0018818710403231003, 0.0006610484078945988, 0.00038217464385377064
9 , 9 , 9 , 0.4741076954817413, 0.7536884684295826, 0.16723568245034515, 0.04782078469575329, 0.0187764841159174, 0.008566391590904549, 0.0023749327409489937, 0.0010355457160510437, 0.00032492030370427454, 0.00017678995679261774
9 , 9 , 10 , 0.4741076954817413, 0.7884530512951522, 0.15149809953890436, 0.03833183055985428, 0.013694010239904717, 0.005807076796542473, 0.0014119837045034308, 0.0005645990747619557, 0.00015829992278351172, 8.104886759319012e-05
9 , 10 , 0 , 0.47699608004951516, 0.15636086093344012, 0.13660676442918135, 0.11985380608545346, 0.10991411556341614, 0.10056833302987961, 0.090319856638819, 0.08204197034173889, 0.07342757037987431, 0.06826642071198942, 0.06264030188620764
9 , 10 , 1 , 0.47802764596657726, 0.23064245783775758, 0.17097821541650238, 0.13163738142289932, 0.11059763101741146, 0.09252862050611625, 0.07406457963889979, 0.06180491576713175, 0.04915453931184762, 0.04302841039833961, 0.03556324868309427
9 , 10 , 2 , 0.4833917887353002, 0.3142610061121831, 0.19753911004160685, 0.13395154168902457, 0.10253182125570984, 0.07895882835440998, 0.0557372994081644, 0.043078747600463804, 0.030386286054296684, 0.025106682908735512, 0.01844867657540505
9 , 10 , 3 , 0.48710542603672374, 0.3985286874974424, 0.21379335801159596, 0.12789157303213486, 0.08896835796983012, 0.06334671830809063, 0.03919405888131029, 0.02808223305082552, 0.017577964436178886, 0.013704203968368744, 0.008912844844222619
9 , 10 , 4 , 0.48772436558696103, 0.4776262895062673, 0.21991899385922598, 0.11617704140513821, 0.07341329859242592, 0.048444333719629536, 0.02620330176603114, 0.017369337658811462, 0.009661451190396846, 0.007101838135183705, 0.004084114166889927
9 , 10 , 5 , 0.47864658551681455, 0.5488459501138536, 0.21772211957291754, 0.10165347732633655, 0.05836324542796347, 0.0357385309251411, 0.01688893809273164, 0.010330679228700448, 0.005113882143502304, 0.0035419775161596775, 0.0018011996526937249
9 , 10 , 6 , 0.47678976686610275, 0.6115318601460505, 0.209478978321498, 0.0864907080865891, 0.045136373753829756, 0.02566612163365438, 0.010601148826190069, 0.005970446880920471, 0.0026336287458317443, 0.0017179854344111568, 0.0007727481710247635
9 , 10 , 7 , 0.4743140086651537, 0.6660416380292595, 0.19727507577474013, 0.07205441801431041, 0.034191605681761654, 0.018062235986637684, 0.006526056521399326, 0.0033783203641640624, 0.0013293086582956098, 0.0008164375873176665, 0.00032490338211386765
9 , 10 , 8 , 0.4743140086651537, 0.713128054115908, 0.18277802321683767, 0.0590674187432637, 0.025493665793850703, 0.012514545828604994, 0.003959023442241689, 0.0018816177999623894, 0.0006609594516729515, 0.0003821232152263243, 0.00013456839243177003
9 , 10 , 9 , 0.4741076954817413, 0.7536469384665957, 0.16722646738073818, 0.04781814966085001, 0.01877544948858321, 0.00856591956308247, 0.0023748018767083515, 0.0010354886551074455, 0.0003249023998504467, 0.00017678021526060963, 5.51022932235624e-05
9 , 10 , 10 , 0.4741076954817413, 0.7884354180330443, 0.1514947113781084, 0.038330973292299286, 0.013693703981881829, 0.005806946924880798, 0.001411952126365603, 0.0005645864478548132, 0.0001582963825041915, 8.10470549856811e-05, 2.2364378075057252e-05
